clase,metodo,operacion_relacionada,estado_mapping,categoria,limite,criterio
Organization,+ maySubmit(member: MemberId): boolean,workflow_member,MAPPED_RELATED_OPERATION,EVIDENCIA_PENDIENTE,RELATED_OPERATION_ONLY: exact standalone UML-method semantics are not inferred from a suite passing,Probar la semántica exacta de este método y sus invariantes; una operación relacionada no acredita equivalencia completa.
Organization,+ owns(facility: Facility): boolean,workflow_member,MAPPED_RELATED_OPERATION,EVIDENCIA_PENDIENTE,RELATED_OPERATION_ONLY: exact standalone UML-method semantics are not inferred from a suite passing,Probar la semántica exacta de este método y sus invariantes; una operación relacionada no acredita equivalencia completa.
Facility,+ belongsTo(org: Organization): boolean,command_v2_facility,MAPPED_RELATED_OPERATION,EVIDENCIA_PENDIENTE,RELATED_OPERATION_ONLY: exact standalone UML-method semantics are not inferred from a suite passing,Probar la semántica exacta de este método y sus invariantes; una operación relacionada no acredita equivalencia completa.
Facility,+ accessibleAt(window: TimeWindow): Decision,command_v2_facility,MAPPED_RELATED_OPERATION,EVIDENCIA_PENDIENTE,RELATED_OPERATION_ONLY: exact standalone UML-method semantics are not inferred from a suite passing,Probar la semántica exacta de este método y sus invariantes; una operación relacionada no acredita equivalencia completa.
Facility,+ canHandle(cargo: CargoSpecification): Decision,command_v2_facility,MAPPED_RELATED_OPERATION,EVIDENCIA_PENDIENTE,RELATED_OPERATION_ONLY: exact standalone UML-method semantics are not inferred from a suite passing,Probar la semántica exacta de este método y sus invariantes; una operación relacionada no acredita equivalencia completa.
FreightRequest,+ revise(expectedVersion: number): Result,validate_v2_freight_payload,MAPPED_RELATED_OPERATION,EVIDENCIA_PENDIENTE,RELATED_OPERATION_ONLY: exact standalone UML-method semantics are not inferred from a suite passing,Probar la semántica exacta de este método y sus invariantes; una operación relacionada no acredita equivalencia completa.
FreightRequest,+ submit(expectedVersion: number): Result,validate_v2_freight_payload,MAPPED_RELATED_OPERATION,EVIDENCIA_PENDIENTE,RELATED_OPERATION_ONLY: exact standalone UML-method semantics are not inferred from a suite passing,Probar la semántica exacta de este método y sus invariantes; una operación relacionada no acredita equivalencia completa.
FreightRequest,+ validateCompleteness(): ValidationResult,validate_v2_freight_payload,MAPPED_RELATED_OPERATION,EVIDENCIA_PENDIENTE,RELATED_OPERATION_ONLY: exact standalone UML-method semantics are not inferred from a suite passing,Probar la semántica exacta de este método y sus invariantes; una operación relacionada no acredita equivalencia completa.
CargoSpecification,+ validate(): ConstraintResult,validate_v2_freight_payload,MAPPED_RELATED_OPERATION,EVIDENCIA_PENDIENTE,RELATED_OPERATION_ONLY: exact standalone UML-method semantics are not inferred from a suite passing,Probar la semántica exacta de este método y sus invariantes; una operación relacionada no acredita equivalencia completa.
CargoSpecification,+ fits(capacity: EffectiveCapacity): Decision,validate_v2_freight_payload,MAPPED_RELATED_OPERATION,EVIDENCIA_PENDIENTE,RELATED_OPERATION_ONLY: exact standalone UML-method semantics are not inferred from a suite passing,Probar la semántica exacta de este método y sus invariantes; una operación relacionada no acredita equivalencia completa.
CargoSpecification,+ requiresPermit(route: RoutePlan): Decision,validate_v2_freight_payload,MAPPED_RELATED_OPERATION,EVIDENCIA_PENDIENTE,RELATED_OPERATION_ONLY: exact standalone UML-method semantics are not inferred from a suite passing,Probar la semántica exacta de este método y sus invariantes; una operación relacionada no acredita equivalencia completa.
CargoUnit,+ totalWeightKg(): number,validate_v2_freight_payload,MAPPED_RELATED_OPERATION,EVIDENCIA_PENDIENTE,RELATED_OPERATION_ONLY: exact standalone UML-method semantics are not inferred from a suite passing,Probar la semántica exacta de este método y sus invariantes; una operación relacionada no acredita equivalencia completa.
CargoUnit,+ totalVolumeM3(): number,validate_v2_freight_payload,MAPPED_RELATED_OPERATION,EVIDENCIA_PENDIENTE,RELATED_OPERATION_ONLY: exact standalone UML-method semantics are not inferred from a suite passing,Probar la semántica exacta de este método y sus invariantes; una operación relacionada no acredita equivalencia completa.
CargoUnit,+ validatesIndivisibility(): Decision,validate_v2_freight_payload,MAPPED_RELATED_OPERATION,EVIDENCIA_PENDIENTE,RELATED_OPERATION_ONLY: exact standalone UML-method semantics are not inferred from a suite passing,Probar la semántica exacta de este método y sus invariantes; una operación relacionada no acredita equivalencia completa.
Carrier,+ publishes(service: CarrierService): boolean,command_v2_catalog,MAPPED_RELATED_OPERATION,EVIDENCIA_PENDIENTE,RELATED_OPERATION_ONLY: exact standalone UML-method semantics are not inferred from a suite passing,Probar la semántica exacta de este método y sus invariantes; una operación relacionada no acredita equivalencia completa.
Carrier,+ isActiveAt(at: Instant): boolean,command_v2_catalog,MAPPED_RELATED_OPERATION,EVIDENCIA_PENDIENTE,RELATED_OPERATION_ONLY: exact standalone UML-method semantics are not inferred from a suite passing,Probar la semántica exacta de este método y sus invariantes; una operación relacionada no acredita equivalencia completa.
Carrier,+ mayRespond(o: CarrierOpportunity): boolean,command_v2_catalog,MAPPED_RELATED_OPERATION,EVIDENCIA_PENDIENTE,RELATED_OPERATION_ONLY: exact standalone UML-method semantics are not inferred from a suite passing,Probar la semántica exacta de este método y sus invariantes; una operación relacionada no acredita equivalencia completa.
Carrier,+ issued(offer: CarrierOffer): boolean,command_v2_catalog,MAPPED_RELATED_OPERATION,EVIDENCIA_PENDIENTE,RELATED_OPERATION_ONLY: exact standalone UML-method semantics are not inferred from a suite passing,Probar la semántica exacta de este método y sus invariantes; una operación relacionada no acredita equivalencia completa.
CarrierDepot,+ supports(type: EquipmentType): Decision,command_v2_catalog,MAPPED_RELATED_OPERATION,EVIDENCIA_PENDIENTE,RELATED_OPERATION_ONLY: exact standalone UML-method semantics are not inferred from a suite passing,Probar la semántica exacta de este método y sus invariantes; una operación relacionada no acredita equivalencia completa.
CarrierDepot,+ activeAt(at: Instant): boolean,command_v2_catalog,MAPPED_RELATED_OPERATION,EVIDENCIA_PENDIENTE,RELATED_OPERATION_ONLY: exact standalone UML-method semantics are not inferred from a suite passing,Probar la semántica exacta de este método y sus invariantes; una operación relacionada no acredita equivalencia completa.
CarrierService,+ accepts(cargo: CargoSpecification): Decision,command_v2_catalog,MAPPED_RELATED_OPERATION,EVIDENCIA_PENDIENTE,RELATED_OPERATION_ONLY: exact standalone UML-method semantics are not inferred from a suite passing,Probar la semántica exacta de este método y sus invariantes; una operación relacionada no acredita equivalencia completa.
CarrierService,+ covers(leg: RouteLeg): Decision,command_v2_catalog,MAPPED_RELATED_OPERATION,EVIDENCIA_PENDIENTE,RELATED_OPERATION_ONLY: exact standalone UML-method semantics are not inferred from a suite passing,Probar la semántica exacta de este método y sus invariantes; una operación relacionada no acredita equivalencia completa.
CarrierService,+ validAt(at: Instant): boolean,command_v2_catalog,MAPPED_RELATED_OPERATION,EVIDENCIA_PENDIENTE,RELATED_OPERATION_ONLY: exact standalone UML-method semantics are not inferred from a suite passing,Probar la semántica exacta de este método y sus invariantes; una operación relacionada no acredita equivalencia completa.
CarrierService,+ supportsRequirements(cargo: CargoSpecification): Decision,command_v2_catalog,MAPPED_RELATED_OPERATION,EVIDENCIA_PENDIENTE,RELATED_OPERATION_ONLY: exact standalone UML-method semantics are not inferred from a suite passing,Probar la semántica exacta de este método y sus invariantes; una operación relacionada no acredita equivalencia completa.
ServiceLane,"+ connects(pickup: ServiceArea, delivery: ServiceArea): boolean",validate_v2_road_lane,MAPPED_RELATED_OPERATION,EVIDENCIA_PENDIENTE,RELATED_OPERATION_ONLY: exact standalone UML-method semantics are not inferred from a suite passing,Probar la semántica exacta de este método y sus invariantes; una operación relacionada no acredita equivalencia completa.
ServiceLane,+ validAt(at: Instant): boolean,validate_v2_road_lane,MAPPED_RELATED_OPERATION,EVIDENCIA_PENDIENTE,RELATED_OPERATION_ONLY: exact standalone UML-method semantics are not inferred from a suite passing,Probar la semántica exacta de este método y sus invariantes; una operación relacionada no acredita equivalencia completa.
ResponseIntegration,+ canRespond(at: Instant): Decision,command_v2_response_integration,MAPPED_RELATED_OPERATION,EVIDENCIA_PENDIENTE,RELATED_OPERATION_ONLY: exact standalone UML-method semantics are not inferred from a suite passing,Probar la semántica exacta de este método y sus invariantes; una operación relacionada no acredita equivalencia completa.
ResponseIntegration,+ validateContract(): ValidationResult,command_v2_response_integration,MAPPED_RELATED_OPERATION,EVIDENCIA_PENDIENTE,RELATED_OPERATION_ONLY: exact standalone UML-method semantics are not inferred from a suite passing,Probar la semántica exacta de este método y sus invariantes; una operación relacionada no acredita equivalencia completa.
CapacitySource,+ availabilityFor(w: TimeWindow): Availability,command_v2_fleet,MAPPED_RELATED_OPERATION,EVIDENCIA_PENDIENTE,RELATED_OPERATION_ONLY: exact standalone UML-method semantics are not inferred from a suite passing,Probar la semántica exacta de este método y sus invariantes; una operación relacionada no acredita equivalencia completa.
CapacitySource,+ effectiveCapacity(w: TimeWindow): Capacity,command_v2_fleet,MAPPED_RELATED_OPERATION,EVIDENCIA_PENDIENTE,RELATED_OPERATION_ONLY: exact standalone UML-method semantics are not inferred from a suite passing,Probar la semántica exacta de este método y sus invariantes; una operación relacionada no acredita equivalencia completa.
TransportAsset,+ capacityOn(route: RoutePlan): Capacity,command_v2_fleet,MAPPED_RELATED_OPERATION,EVIDENCIA_PENDIENTE,RELATED_OPERATION_ONLY: exact standalone UML-method semantics are not inferred from a suite passing,Probar la semántica exacta de este método y sus invariantes; una operación relacionada no acredita equivalencia completa.
TransportAsset,+ canCarry(cargo: CargoSpecification): Decision,command_v2_fleet,MAPPED_RELATED_OPERATION,EVIDENCIA_PENDIENTE,RELATED_OPERATION_ONLY: exact standalone UML-method semantics are not inferred from a suite passing,Probar la semántica exacta de este método y sus invariantes; una operación relacionada no acredita equivalencia completa.
TransportAsset,+ availabilityFor(w: TimeWindow): Availability,command_v2_fleet,MAPPED_RELATED_OPERATION,EVIDENCIA_PENDIENTE,RELATED_OPERATION_ONLY: exact standalone UML-method semantics are not inferred from a suite passing,Probar la semántica exacta de este método y sus invariantes; una operación relacionada no acredita equivalencia completa.
TransportAsset,+ effectiveCapacity(w: TimeWindow): Capacity,command_v2_fleet,MAPPED_RELATED_OPERATION,EVIDENCIA_PENDIENTE,RELATED_OPERATION_ONLY: exact standalone UML-method semantics are not inferred from a suite passing,Probar la semántica exacta de este método y sus invariantes; una operación relacionada no acredita equivalencia completa.
RoadVehicle,+ legalCapacityFor(route: RoutePlan): Capacity,command_v2_fleet,MAPPED_RELATED_OPERATION,EVIDENCIA_PENDIENTE,RELATED_OPERATION_ONLY: exact standalone UML-method semantics are not inferred from a suite passing,Probar la semántica exacta de este método y sus invariantes; una operación relacionada no acredita equivalencia completa.
RoadVehicle,+ isRoadworthy(at: Instant): Decision,command_v2_fleet,MAPPED_RELATED_OPERATION,EVIDENCIA_PENDIENTE,RELATED_OPERATION_ONLY: exact standalone UML-method semantics are not inferred from a suite passing,Probar la semántica exacta de este método y sus invariantes; una operación relacionada no acredita equivalencia completa.
RoadVehicle,+ recordOdometer(km: number): Result,command_v2_fleet,MAPPED_RELATED_OPERATION,EVIDENCIA_PENDIENTE,RELATED_OPERATION_ONLY: exact standalone UML-method semantics are not inferred from a suite passing,Probar la semántica exacta de este método y sus invariantes; una operación relacionada no acredita equivalencia completa.
CapacityPool,+ supports(window: TimeWindow): Decision,command_v2_fleet,MAPPED_RELATED_OPERATION,EVIDENCIA_PENDIENTE,RELATED_OPERATION_ONLY: exact standalone UML-method semantics are not inferred from a suite passing,Probar la semántica exacta de este método y sus invariantes; una operación relacionada no acredita equivalencia completa.
CapacityPool,+ capacityFor(window: TimeWindow): Capacity,command_v2_fleet,MAPPED_RELATED_OPERATION,EVIDENCIA_PENDIENTE,RELATED_OPERATION_ONLY: exact standalone UML-method semantics are not inferred from a suite passing,Probar la semántica exacta de este método y sus invariantes; una operación relacionada no acredita equivalencia completa.
CapacityPool,+ availabilityFor(w: TimeWindow): Availability,command_v2_fleet,MAPPED_RELATED_OPERATION,EVIDENCIA_PENDIENTE,RELATED_OPERATION_ONLY: exact standalone UML-method semantics are not inferred from a suite passing,Probar la semántica exacta de este método y sus invariantes; una operación relacionada no acredita equivalencia completa.
CapacityPool,+ effectiveCapacity(w: TimeWindow): Capacity,command_v2_fleet,MAPPED_RELATED_OPERATION,EVIDENCIA_PENDIENTE,RELATED_OPERATION_ONLY: exact standalone UML-method semantics are not inferred from a suite passing,Probar la semántica exacta de este método y sus invariantes; una operación relacionada no acredita equivalencia completa.
CapacityCalendar,+ availableAt(window: TimeWindow): Availability,command_v2_fleet,MAPPED_RELATED_OPERATION,EVIDENCIA_PENDIENTE,RELATED_OPERATION_ONLY: exact standalone UML-method semantics are not inferred from a suite passing,Probar la semántica exacta de este método y sus invariantes; una operación relacionada no acredita equivalencia completa.
CapacityCalendar,+ blocks(window: TimeWindow): BlockReason[],command_v2_fleet,MAPPED_RELATED_OPERATION,EVIDENCIA_PENDIENTE,RELATED_OPERATION_ONLY: exact standalone UML-method semantics are not inferred from a suite passing,Probar la semántica exacta de este método y sus invariantes; una operación relacionada no acredita equivalencia completa.
CapacityCalendar,+ nextAvailable(after: Instant): TimeWindow | unknown,command_v2_fleet,MAPPED_RELATED_OPERATION,EVIDENCIA_PENDIENTE,RELATED_OPERATION_ONLY: exact standalone UML-method semantics are not inferred from a suite passing,Probar la semántica exacta de este método y sus invariantes; una operación relacionada no acredita equivalencia completa.
CapacityReservation,+ overlaps(window: TimeWindow): boolean,command_v2_workflow,MAPPED_RELATED_OPERATION,EVIDENCIA_PENDIENTE,RELATED_OPERATION_ONLY: exact standalone UML-method semantics are not inferred from a suite passing,Probar la semántica exacta de este método y sus invariantes; una operación relacionada no acredita equivalencia completa.
CapacityReservation,+ consumes(load: Capacity): Capacity,command_v2_workflow,MAPPED_RELATED_OPERATION,EVIDENCIA_PENDIENTE,RELATED_OPERATION_ONLY: exact standalone UML-method semantics are not inferred from a suite passing,Probar la semántica exacta de este método y sus invariantes; una operación relacionada no acredita equivalencia completa.
CapacityReservation,+ release(reason: ReasonCode): Result,command_v2_workflow,MAPPED_RELATED_OPERATION,EVIDENCIA_PENDIENTE,RELATED_OPERATION_ONLY: exact standalone UML-method semantics are not inferred from a suite passing,Probar la semántica exacta de este método y sus invariantes; una operación relacionada no acredita equivalencia completa.
ScheduledMaintenance,+ blocks(window: TimeWindow): boolean,command_v2_fleet,MAPPED_RELATED_OPERATION,EVIDENCIA_PENDIENTE,RELATED_OPERATION_ONLY: exact standalone UML-method semantics are not inferred from a suite passing,Probar la semántica exacta de este método y sus invariantes; una operación relacionada no acredita equivalencia completa.
ScheduledMaintenance,+ belongsTo(asset: TransportAsset): boolean,command_v2_fleet,MAPPED_RELATED_OPERATION,EVIDENCIA_PENDIENTE,RELATED_OPERATION_ONLY: exact standalone UML-method semantics are not inferred from a suite passing,Probar la semántica exacta de este método y sus invariantes; una operación relacionada no acredita equivalencia completa.
Driver,"+ qualifiedFor(vehicle: RoadVehicle, cargo: CargoSpecification): Decision",command_v2_crew,MAPPED_RELATED_OPERATION,EVIDENCIA_PENDIENTE,RELATED_OPERATION_ONLY: exact standalone UML-method semantics are not inferred from a suite passing,Probar la semántica exacta de este método y sus invariantes; una operación relacionada no acredita equivalencia completa.
Driver,+ availableFor(window: TimeWindow): Availability,command_v2_crew,MAPPED_RELATED_OPERATION,EVIDENCIA_PENDIENTE,RELATED_OPERATION_ONLY: exact standalone UML-method semantics are not inferred from a suite passing,Probar la semántica exacta de este método y sus invariantes; una operación relacionada no acredita equivalencia completa.
DriverAssignment,+ overlaps(other: DriverAssignment): boolean,command_v2_crew,MAPPED_RELATED_OPERATION,EVIDENCIA_PENDIENTE,RELATED_OPERATION_ONLY: exact standalone UML-method semantics are not inferred from a suite passing,Probar la semántica exacta de este método y sus invariantes; una operación relacionada no acredita equivalencia completa.
DriverAssignment,+ validateHours(): Decision,command_v2_crew,MAPPED_RELATED_OPERATION,EVIDENCIA_PENDIENTE,RELATED_OPERATION_ONLY: exact standalone UML-method semantics are not inferred from a suite passing,Probar la semántica exacta de este método y sus invariantes; una operación relacionada no acredita equivalencia completa.
VehicleAssignment,+ isAvailable(): Decision,command_v2_crew,MAPPED_RELATED_OPERATION,EVIDENCIA_PENDIENTE,RELATED_OPERATION_ONLY: exact standalone UML-method semantics are not inferred from a suite passing,Probar la semántica exacta de este método y sus invariantes; una operación relacionada no acredita equivalencia completa.
VehicleAssignment,+ release(reason: ReasonCode): Result,command_v2_crew,MAPPED_RELATED_OPERATION,EVIDENCIA_PENDIENTE,RELATED_OPERATION_ONLY: exact standalone UML-method semantics are not inferred from a suite passing,Probar la semántica exacta de este método y sus invariantes; una operación relacionada no acredita equivalencia completa.
AssetStatusEvent,+ validateTransition(): Decision,command_v2_workflow,MAPPED_RELATED_OPERATION,EVIDENCIA_PENDIENTE,RELATED_OPERATION_ONLY: exact standalone UML-method semantics are not inferred from a suite passing,Probar la semántica exacta de este método y sus invariantes; una operación relacionada no acredita equivalencia completa.
AssetStatusEvent,+ isOperationalBlock(): boolean,command_v2_workflow,MAPPED_RELATED_OPERATION,EVIDENCIA_PENDIENTE,RELATED_OPERATION_ONLY: exact standalone UML-method semantics are not inferred from a suite passing,Probar la semántica exacta de este método y sus invariantes; una operación relacionada no acredita equivalencia completa.
RoutePlan,+ orderedLegs(): RouteLeg[],workflow_route,MAPPED_RELATED_OPERATION,EVIDENCIA_PENDIENTE,RELATED_OPERATION_ONLY: exact standalone UML-method semantics are not inferred from a suite passing,Probar la semántica exacta de este método y sus invariantes; una operación relacionada no acredita equivalencia completa.
RoutePlan,+ validatesContinuity(): Decision,workflow_route,MAPPED_RELATED_OPERATION,EVIDENCIA_PENDIENTE,RELATED_OPERATION_ONLY: exact standalone UML-method semantics are not inferred from a suite passing,Probar la semántica exacta de este método y sus invariantes; una operación relacionada no acredita equivalencia completa.
RoutePlan,"+ compareWith(other: RoutePlan, policy: RoutePlanningPolicy): Decision",workflow_route,MAPPED_RELATED_OPERATION,EVIDENCIA_PENDIENTE,RELATED_OPERATION_ONLY: exact standalone UML-method semantics are not inferred from a suite passing,Probar la semántica exacta de este método y sus invariantes; una operación relacionada no acredita equivalencia completa.
RoutePlan,+ evaluateConditions(at: Instant): RouteDecision,workflow_route,MAPPED_RELATED_OPERATION,EVIDENCIA_PENDIENTE,RELATED_OPERATION_ONLY: exact standalone UML-method semantics are not inferred from a suite passing,Probar la semántica exacta de este método y sus invariantes; una operación relacionada no acredita equivalencia completa.
RouteLeg,+ requiresPermit(): boolean,workflow_route,MAPPED_RELATED_OPERATION,EVIDENCIA_PENDIENTE,RELATED_OPERATION_ONLY: exact standalone UML-method semantics are not inferred from a suite passing,Probar la semántica exacta de este método y sus invariantes; una operación relacionada no acredita equivalencia completa.
RouteLeg,+ connects(next: RouteLeg): boolean,workflow_route,MAPPED_RELATED_OPERATION,EVIDENCIA_PENDIENTE,RELATED_OPERATION_ONLY: exact standalone UML-method semantics are not inferred from a suite passing,Probar la semántica exacta de este método y sus invariantes; una operación relacionada no acredita equivalencia completa.
RouteLeg,+ validatesBorderRequirements(): Decision,workflow_route,MAPPED_RELATED_OPERATION,EVIDENCIA_PENDIENTE,RELATED_OPERATION_ONLY: exact standalone UML-method semantics are not inferred from a suite passing,Probar la semántica exacta de este método y sus invariantes; una operación relacionada no acredita equivalencia completa.
RouteCondition,"+ affects(leg: RouteLeg, at: Instant): Decision",workflow_route,MAPPED_RELATED_OPERATION,EVIDENCIA_PENDIENTE,RELATED_OPERATION_ONLY: exact standalone UML-method semantics are not inferred from a suite passing,Probar la semántica exacta de este método y sus invariantes; una operación relacionada no acredita equivalencia completa.
RouteCondition,+ requiresReplan(): boolean,workflow_route,MAPPED_RELATED_OPERATION,EVIDENCIA_PENDIENTE,RELATED_OPERATION_ONLY: exact standalone UML-method semantics are not inferred from a suite passing,Probar la semántica exacta de este método y sus invariantes; una operación relacionada no acredita equivalencia completa.
RouteWaypoint,+ isUsableAt(at: Instant): Decision,workflow_route,MAPPED_RELATED_OPERATION,EVIDENCIA_PENDIENTE,RELATED_OPERATION_ONLY: exact standalone UML-method semantics are not inferred from a suite passing,Probar la semántica exacta de este método y sus invariantes; una operación relacionada no acredita equivalencia completa.
RouteWaypoint,+ addsDelay(): Duration | unknown,workflow_route,MAPPED_RELATED_OPERATION,EVIDENCIA_PENDIENTE,RELATED_OPERATION_ONLY: exact standalone UML-method semantics are not inferred from a suite passing,Probar la semántica exacta de este método y sus invariantes; una operación relacionada no acredita equivalencia completa.
RoutePlanningPolicy,+ evaluate(route: RoutePlan): RouteDecision,workflow_route,MAPPED_RELATED_OPERATION,EVIDENCIA_PENDIENTE,RELATED_OPERATION_ONLY: exact standalone UML-method semantics are not inferred from a suite passing,Probar la semántica exacta de este método y sus invariantes; una operación relacionada no acredita equivalencia completa.
RoutePlanningPolicy,+ explain(route: RoutePlan): Explanation,workflow_route,MAPPED_RELATED_OPERATION,EVIDENCIA_PENDIENTE,RELATED_OPERATION_ONLY: exact standalone UML-method semantics are not inferred from a suite passing,Probar la semántica exacta de este método y sus invariantes; una operación relacionada no acredita equivalencia completa.
TransportPlanCandidate,+ assessEligibility(): EligibilityDecision,workflow_evaluate_plan,MAPPED_RELATED_OPERATION,EVIDENCIA_PENDIENTE,RELATED_OPERATION_ONLY: exact standalone UML-method semantics are not inferred from a suite passing,Probar la semántica exacta de este método y sus invariantes; una operación relacionada no acredita equivalencia completa.
TransportPlanCandidate,+ require(resource: PlanResource): void,workflow_evaluate_plan,MAPPED_RELATED_OPERATION,EVIDENCIA_PENDIENTE,RELATED_OPERATION_ONLY: exact standalone UML-method semantics are not inferred from a suite passing,Probar la semántica exacta de este método y sus invariantes; una operación relacionada no acredita equivalencia completa.
TransportPlanCandidate,+ isQuotable(): boolean,workflow_evaluate_plan,MAPPED_RELATED_OPERATION,EVIDENCIA_PENDIENTE,RELATED_OPERATION_ONLY: exact standalone UML-method semantics are not inferred from a suite passing,Probar la semántica exacta de este método y sus invariantes; una operación relacionada no acredita equivalencia completa.
PlanResource,+ contributesCargoCapacity(): boolean,workflow_evaluate_plan,MAPPED_RELATED_OPERATION,EVIDENCIA_PENDIENTE,RELATED_OPERATION_ONLY: exact standalone UML-method semantics are not inferred from a suite passing,Probar la semántica exacta de este método y sus invariantes; una operación relacionada no acredita equivalencia completa.
PlanResource,+ coversEntireWindow(): Decision,workflow_evaluate_plan,MAPPED_RELATED_OPERATION,EVIDENCIA_PENDIENTE,RELATED_OPERATION_ONLY: exact standalone UML-method semantics are not inferred from a suite passing,Probar la semántica exacta de este método y sus invariantes; una operación relacionada no acredita equivalencia completa.
PlanResource,+ validateWithCalendar(): Decision,workflow_evaluate_plan,MAPPED_RELATED_OPERATION,EVIDENCIA_PENDIENTE,RELATED_OPERATION_ONLY: exact standalone UML-method semantics are not inferred from a suite passing,Probar la semántica exacta de este método y sus invariantes; una operación relacionada no acredita equivalencia completa.
CarrierOpportunity,+ invite(carrier: Carrier): Result,workflow_offer,MAPPED_RELATED_OPERATION,EVIDENCIA_PENDIENTE,RELATED_OPERATION_ONLY: exact standalone UML-method semantics are not inferred from a suite passing,Probar la semántica exacta de este método y sus invariantes; una operación relacionada no acredita equivalencia completa.
CarrierOpportunity,+ accepts(offer: CarrierOffer): Decision,workflow_offer,MAPPED_RELATED_OPERATION,EVIDENCIA_PENDIENTE,RELATED_OPERATION_ONLY: exact standalone UML-method semantics are not inferred from a suite passing,Probar la semántica exacta de este método y sus invariantes; una operación relacionada no acredita equivalencia completa.
CarrierOffer,+ isValidAt(at: Instant): boolean,workflow_offer,MAPPED_RELATED_OPERATION,EVIDENCIA_PENDIENTE,RELATED_OPERATION_ONLY: exact standalone UML-method semantics are not inferred from a suite passing,Probar la semántica exacta de este método y sus invariantes; una operación relacionada no acredita equivalencia completa.
CarrierOffer,+ isComparableTo(other: CarrierOffer): Decision,workflow_offer,MAPPED_RELATED_OPERATION,EVIDENCIA_PENDIENTE,RELATED_OPERATION_ONLY: exact standalone UML-method semantics are not inferred from a suite passing,Probar la semántica exacta de este método y sus invariantes; una operación relacionada no acredita equivalencia completa.
CarrierOffer,+ covers(assignment: PlanLegAssignment): Decision,workflow_offer,MAPPED_RELATED_OPERATION,EVIDENCIA_PENDIENTE,RELATED_OPERATION_ONLY: exact standalone UML-method semantics are not inferred from a suite passing,Probar la semántica exacta de este método y sus invariantes; una operación relacionada no acredita equivalencia completa.
CarrierOffer,+ validatesBreakdownCurrency(policy: CurrencyPolicy): ValidationResult,workflow_offer,MAPPED_RELATED_OPERATION,EVIDENCIA_PENDIENTE,RELATED_OPERATION_ONLY: exact standalone UML-method semantics are not inferred from a suite passing,Probar la semántica exacta de este método y sus invariantes; una operación relacionada no acredita equivalencia completa.
CarrierOffer,+ bookableAt(window: TimeWindow): Decision,workflow_offer,MAPPED_RELATED_OPERATION,EVIDENCIA_PENDIENTE,RELATED_OPERATION_ONLY: exact standalone UML-method semantics are not inferred from a suite passing,Probar la semántica exacta de este método y sus invariantes; una operación relacionada no acredita equivalencia completa.
CarrierOffer,+ validatesAttribution(): Decision,workflow_offer,MAPPED_RELATED_OPERATION,EVIDENCIA_PENDIENTE,RELATED_OPERATION_ONLY: exact standalone UML-method semantics are not inferred from a suite passing,Probar la semántica exacta de este método y sus invariantes; una operación relacionada no acredita equivalencia completa.
RankedOption,+ isComparable(): boolean,workflow_ranking,MAPPED_RELATED_OPERATION,EVIDENCIA_PENDIENTE,RELATED_OPERATION_ONLY: exact standalone UML-method semantics are not inferred from a suite passing,Probar la semántica exacta de este método y sus invariantes; una operación relacionada no acredita equivalencia completa.
RankedOption,+ provenance(): EvidenceRef[],workflow_ranking,MAPPED_RELATED_OPERATION,EVIDENCIA_PENDIENTE,RELATED_OPERATION_ONLY: exact standalone UML-method semantics are not inferred from a suite passing,Probar la semántica exacta de este método y sus invariantes; una operación relacionada no acredita equivalencia completa.
ScoringPolicy,+ rank(offers: CarrierOffer[]): RankedOption[],workflow_ranking,MAPPED_RELATED_OPERATION,EVIDENCIA_PENDIENTE,RELATED_OPERATION_ONLY: exact standalone UML-method semantics are not inferred from a suite passing,Probar la semántica exacta de este método y sus invariantes; una operación relacionada no acredita equivalencia completa.
ScoringPolicy,+ explain(option: RankedOption): Explanation,workflow_ranking,MAPPED_RELATED_OPERATION,EVIDENCIA_PENDIENTE,RELATED_OPERATION_ONLY: exact standalone UML-method semantics are not inferred from a suite passing,Probar la semántica exacta de este método y sus invariantes; una operación relacionada no acredita equivalencia completa.
Booking,+ recordResponse(reply: CarrierResponse): Result,command_v2_workflow,MAPPED_RELATED_OPERATION,EVIDENCIA_PENDIENTE,RELATED_OPERATION_ONLY: exact standalone UML-method semantics are not inferred from a suite passing,Probar la semántica exacta de este método y sus invariantes; una operación relacionada no acredita equivalencia completa.
Booking,+ cancel(authorizedBy: MemberId): Result,command_v2_workflow,MAPPED_RELATED_OPERATION,EVIDENCIA_PENDIENTE,RELATED_OPERATION_ONLY: exact standalone UML-method semantics are not inferred from a suite passing,Probar la semántica exacta de este método y sus invariantes; una operación relacionada no acredita equivalencia completa.
Booking,+ authorize(decision: SelectionDecision): Result,command_v2_workflow,MAPPED_RELATED_OPERATION,EVIDENCIA_PENDIENTE,RELATED_OPERATION_ONLY: exact standalone UML-method semantics are not inferred from a suite passing,Probar la semántica exacta de este método y sus invariantes; una operación relacionada no acredita equivalencia completa.
Booking,+ validateCapacityCommitment(): Decision,command_v2_workflow,MAPPED_RELATED_OPERATION,EVIDENCIA_PENDIENTE,RELATED_OPERATION_ONLY: exact standalone UML-method semantics are not inferred from a suite passing,Probar la semántica exacta de este método y sus invariantes; una operación relacionada no acredita equivalencia completa.
TransportExecution,+ start(expectedVersion: number): Result,command_v2_workflow,MAPPED_RELATED_OPERATION,EVIDENCIA_PENDIENTE,RELATED_OPERATION_ONLY: exact standalone UML-method semantics are not inferred from a suite passing,Probar la semántica exacta de este método y sus invariantes; una operación relacionada no acredita equivalencia completa.
TransportExecution,+ complete(proof: EvidenceRef): Result,command_v2_workflow,MAPPED_RELATED_OPERATION,EVIDENCIA_PENDIENTE,RELATED_OPERATION_ONLY: exact standalone UML-method semantics are not inferred from a suite passing,Probar la semántica exacta de este método y sus invariantes; una operación relacionada no acredita equivalencia completa.
TransportExecution,+ requestReplan(reason: ReasonCode): Result,command_v2_workflow,MAPPED_RELATED_OPERATION,EVIDENCIA_PENDIENTE,RELATED_OPERATION_ONLY: exact standalone UML-method semantics are not inferred from a suite passing,Probar la semántica exacta de este método y sus invariantes; una operación relacionada no acredita equivalencia completa.
OperationalIncident,+ classify(): IncidentDecision,command_v2_workflow,MAPPED_RELATED_OPERATION,EVIDENCIA_PENDIENTE,RELATED_OPERATION_ONLY: exact standalone UML-method semantics are not inferred from a suite passing,Probar la semántica exacta de este método y sus invariantes; una operación relacionada no acredita equivalencia completa.
OperationalIncident,+ escalate(to: ActorRef): Result,command_v2_workflow,MAPPED_RELATED_OPERATION,EVIDENCIA_PENDIENTE,RELATED_OPERATION_ONLY: exact standalone UML-method semantics are not inferred from a suite passing,Probar la semántica exacta de este método y sus invariantes; una operación relacionada no acredita equivalencia completa.
OperationalIncident,+ resolve(proof: EvidenceRef): Result,command_v2_workflow,MAPPED_RELATED_OPERATION,EVIDENCIA_PENDIENTE,RELATED_OPERATION_ONLY: exact standalone UML-method semantics are not inferred from a suite passing,Probar la semántica exacta de este método y sus invariantes; una operación relacionada no acredita equivalencia completa.
IncidentUpdate,+ isAuthorized(): Decision,command_v2_workflow,MAPPED_RELATED_OPERATION,EVIDENCIA_PENDIENTE,RELATED_OPERATION_ONLY: exact standalone UML-method semantics are not inferred from a suite passing,Probar la semántica exacta de este método y sus invariantes; una operación relacionada no acredita equivalencia completa.
IncidentUpdate,+ auditRecord(): AuditEvent,command_v2_workflow,MAPPED_RELATED_OPERATION,EVIDENCIA_PENDIENTE,RELATED_OPERATION_ONLY: exact standalone UML-method semantics are not inferred from a suite passing,Probar la semántica exacta de este método y sus invariantes; una operación relacionada no acredita equivalencia completa.
LogisticsNode,+ supports(mode: TransportMode): Decision,workflow_route,MAPPED_RELATED_OPERATION,EVIDENCIA_PENDIENTE,RELATED_OPERATION_ONLY: exact standalone UML-method semantics are not inferred from a suite passing,Probar la semántica exacta de este método y sus invariantes; una operación relacionada no acredita equivalencia completa.
LogisticsNode,+ activeAt(at: Instant): Decision,workflow_route,MAPPED_RELATED_OPERATION,EVIDENCIA_PENDIENTE,RELATED_OPERATION_ONLY: exact standalone UML-method semantics are not inferred from a suite passing,Probar la semántica exacta de este método y sus invariantes; una operación relacionada no acredita equivalencia completa.
RouteCorridor,"+ connects(origin: LogisticsNode, destination: LogisticsNode): boolean",workflow_route,MAPPED_RELATED_OPERATION,EVIDENCIA_PENDIENTE,RELATED_OPERATION_ONLY: exact standalone UML-method semantics are not inferred from a suite passing,Probar la semántica exacta de este método y sus invariantes; una operación relacionada no acredita equivalencia completa.
RouteCorridor,+ usableAt(at: Instant): Decision,workflow_route,MAPPED_RELATED_OPERATION,EVIDENCIA_PENDIENTE,RELATED_OPERATION_ONLY: exact standalone UML-method semantics are not inferred from a suite passing,Probar la semántica exacta de este método y sus invariantes; una operación relacionada no acredita equivalencia completa.
CargoProfile,+ prefillRequest(): RequestDraft,command_v2_catalog,MAPPED_RELATED_OPERATION,EVIDENCIA_PENDIENTE,RELATED_OPERATION_ONLY: exact standalone UML-method semantics are not inferred from a suite passing,Probar la semántica exacta de este método y sus invariantes; una operación relacionada no acredita equivalencia completa.
CargoProfile,+ requiresRevalidation(): boolean,command_v2_catalog,MAPPED_RELATED_OPERATION,EVIDENCIA_PENDIENTE,RELATED_OPERATION_ONLY: exact standalone UML-method semantics are not inferred from a suite passing,Probar la semántica exacta de este método y sus invariantes; una operación relacionada no acredita equivalencia completa.
CargoCategory,+ suggestRequirements(): CargoRequirement[],command_v2_catalog,MAPPED_RELATED_OPERATION,EVIDENCIA_PENDIENTE,RELATED_OPERATION_ONLY: exact standalone UML-method semantics are not inferred from a suite passing,Probar la semántica exacta de este método y sus invariantes; una operación relacionada no acredita equivalencia completa.
CargoCategory,+ isCurrent(at: Instant): boolean,command_v2_catalog,MAPPED_RELATED_OPERATION,EVIDENCIA_PENDIENTE,RELATED_OPERATION_ONLY: exact standalone UML-method semantics are not inferred from a suite passing,Probar la semántica exacta de este método y sus invariantes; una operación relacionada no acredita equivalencia completa.
LoadAllocation,+ respectsIndivisibility(unit: CargoUnit): Decision,workflow_evaluate_plan,MAPPED_RELATED_OPERATION,EVIDENCIA_PENDIENTE,RELATED_OPERATION_ONLY: exact standalone UML-method semantics are not inferred from a suite passing,Probar la semántica exacta de este método y sus invariantes; una operación relacionada no acredita equivalencia completa.
LoadAllocation,+ fits(resource: PlanResource): Decision,workflow_evaluate_plan,MAPPED_RELATED_OPERATION,EVIDENCIA_PENDIENTE,RELATED_OPERATION_ONLY: exact standalone UML-method semantics are not inferred from a suite passing,Probar la semántica exacta de este método y sus invariantes; una operación relacionada no acredita equivalencia completa.
OrganizationMember,+ canSubmit(): boolean,command_v2_identity_directory,MAPPED_RELATED_OPERATION,EVIDENCIA_PENDIENTE,RELATED_OPERATION_ONLY: exact standalone UML-method semantics are not inferred from a suite passing,Probar la semántica exacta de este método y sus invariantes; una operación relacionada no acredita equivalencia completa.
OrganizationMember,+ canAuthorizeBooking(): boolean,command_v2_identity_directory,MAPPED_RELATED_OPERATION,EVIDENCIA_PENDIENTE,RELATED_OPERATION_ONLY: exact standalone UML-method semantics are not inferred from a suite passing,Probar la semántica exacta de este método y sus invariantes; una operación relacionada no acredita equivalencia completa.
McpAccountLink,+ resolvesTo(member: OrganizationMember): boolean,command_v2_mcp_link,MAPPED_RELATED_OPERATION,EVIDENCIA_PENDIENTE,RELATED_OPERATION_ONLY: exact standalone UML-method semantics are not inferred from a suite passing,Probar la semántica exacta de este método y sus invariantes; una operación relacionada no acredita equivalencia completa.
McpAccountLink,+ validAt(at: Instant): boolean,command_v2_mcp_link,MAPPED_RELATED_OPERATION,EVIDENCIA_PENDIENTE,RELATED_OPERATION_ONLY: exact standalone UML-method semantics are not inferred from a suite passing,Probar la semántica exacta de este método y sus invariantes; una operación relacionada no acredita equivalencia completa.
McpAccountLink,+ hasScope(scope: string): boolean,command_v2_mcp_link,MAPPED_RELATED_OPERATION,EVIDENCIA_PENDIENTE,RELATED_OPERATION_ONLY: exact standalone UML-method semantics are not inferred from a suite passing,Probar la semántica exacta de este método y sus invariantes; una operación relacionada no acredita equivalencia completa.
RepositioningBlock,+ blocks(window: TimeWindow): boolean,command_v2_fleet,MAPPED_RELATED_OPERATION,EVIDENCIA_PENDIENTE,RELATED_OPERATION_ONLY: exact standalone UML-method semantics are not inferred from a suite passing,Probar la semántica exacta de este método y sus invariantes; una operación relacionada no acredita equivalencia completa.
RepositioningBlock,+ freshnessAt(at: Instant): EvidenceStatus,command_v2_fleet,MAPPED_RELATED_OPERATION,EVIDENCIA_PENDIENTE,RELATED_OPERATION_ONLY: exact standalone UML-method semantics are not inferred from a suite passing,Probar la semántica exacta de este método y sus invariantes; una operación relacionada no acredita equivalencia completa.
OrganizationPreferences,+ suggestDefaults(): RequestDefaults,command_v2_catalog,MAPPED_RELATED_OPERATION,EVIDENCIA_PENDIENTE,RELATED_OPERATION_ONLY: exact standalone UML-method semantics are not inferred from a suite passing,Probar la semántica exacta de este método y sus invariantes; una operación relacionada no acredita equivalencia completa.
OrganizationPreferences,+ validFor(request: FreightRequest): Decision,command_v2_catalog,MAPPED_RELATED_OPERATION,EVIDENCIA_PENDIENTE,RELATED_OPERATION_ONLY: exact standalone UML-method semantics are not inferred from a suite passing,Probar la semántica exacta de este método y sus invariantes; una operación relacionada no acredita equivalencia completa.
CarrierMetric,+ isRepresentative(minSample: number): boolean,workflow_ranking,MAPPED_RELATED_OPERATION,EVIDENCIA_PENDIENTE,RELATED_OPERATION_ONLY: exact standalone UML-method semantics are not inferred from a suite passing,Probar la semántica exacta de este método y sus invariantes; una operación relacionada no acredita equivalencia completa.
CarrierMetric,+ comparableTo(other: CarrierMetric): boolean,workflow_ranking,MAPPED_RELATED_OPERATION,EVIDENCIA_PENDIENTE,RELATED_OPERATION_ONLY: exact standalone UML-method semantics are not inferred from a suite passing,Probar la semántica exacta de este método y sus invariantes; una operación relacionada no acredita equivalencia completa.
VehicleCombination,+ validateCompatibility(): Decision,command_v2_crew,MAPPED_RELATED_OPERATION,EVIDENCIA_PENDIENTE,RELATED_OPERATION_ONLY: exact standalone UML-method semantics are not inferred from a suite passing,Probar la semántica exacta de este método y sus invariantes; una operación relacionada no acredita equivalencia completa.
VehicleCombination,+ effectiveCapacityOn(route: RoutePlan): Capacity,command_v2_crew,MAPPED_RELATED_OPERATION,EVIDENCIA_PENDIENTE,RELATED_OPERATION_ONLY: exact standalone UML-method semantics are not inferred from a suite passing,Probar la semántica exacta de este método y sus invariantes; una operación relacionada no acredita equivalencia completa.
ServiceArea,+ covers(place: GeoLocation): Decision,command_v2_catalog,MAPPED_RELATED_OPERATION,EVIDENCIA_PENDIENTE,RELATED_OPERATION_ONLY: exact standalone UML-method semantics are not inferred from a suite passing,Probar la semántica exacta de este método y sus invariantes; una operación relacionada no acredita equivalencia completa.
ServiceArea,+ validAt(at: Instant): boolean,command_v2_catalog,MAPPED_RELATED_OPERATION,EVIDENCIA_PENDIENTE,RELATED_OPERATION_ONLY: exact standalone UML-method semantics are not inferred from a suite passing,Probar la semántica exacta de este método y sus invariantes; una operación relacionada no acredita equivalencia completa.
FulfilmentPartner,"+ supports(leg: RouteLeg, at: Instant): Decision",command_v2_catalog,MAPPED_RELATED_OPERATION,EVIDENCIA_PENDIENTE,RELATED_OPERATION_ONLY: exact standalone UML-method semantics are not inferred from a suite passing,Probar la semántica exacta de este método y sus invariantes; una operación relacionada no acredita equivalencia completa.
FulfilmentPartner,+ isAuthorizedAt(at: Instant): boolean,command_v2_catalog,MAPPED_RELATED_OPERATION,EVIDENCIA_PENDIENTE,RELATED_OPERATION_ONLY: exact standalone UML-method semantics are not inferred from a suite passing,Probar la semántica exacta de este método y sus invariantes; una operación relacionada no acredita equivalencia completa.
PlanLegAssignment,+ validateEligibility(): EligibilityDecision,workflow_evaluate_plan,MAPPED_RELATED_OPERATION,EVIDENCIA_PENDIENTE,RELATED_OPERATION_ONLY: exact standalone UML-method semantics are not inferred from a suite passing,Probar la semántica exacta de este método y sus invariantes; una operación relacionada no acredita equivalencia completa.
PlanLegAssignment,+ carrierForLeg(): Carrier,workflow_evaluate_plan,MAPPED_RELATED_OPERATION,EVIDENCIA_PENDIENTE,RELATED_OPERATION_ONLY: exact standalone UML-method semantics are not inferred from a suite passing,Probar la semántica exacta de este método y sus invariantes; una operación relacionada no acredita equivalencia completa.
PlanLegAssignment,+ isQuotable(): boolean,workflow_evaluate_plan,MAPPED_RELATED_OPERATION,EVIDENCIA_PENDIENTE,RELATED_OPERATION_ONLY: exact standalone UML-method semantics are not inferred from a suite passing,Probar la semántica exacta de este método y sus invariantes; una operación relacionada no acredita equivalencia completa.
OfferCostComponent,+ contributesToQuotedTotal(): boolean,workflow_offer,MAPPED_RELATED_OPERATION,EVIDENCIA_PENDIENTE,RELATED_OPERATION_ONLY: exact standalone UML-method semantics are not inferred from a suite passing,Probar la semántica exacta de este método y sus invariantes; una operación relacionada no acredita equivalencia completa.
OfferCostComponent,+ isComparable(): Decision,workflow_offer,MAPPED_RELATED_OPERATION,EVIDENCIA_PENDIENTE,RELATED_OPERATION_ONLY: exact standalone UML-method semantics are not inferred from a suite passing,Probar la semántica exacta de este método y sus invariantes; una operación relacionada no acredita equivalencia completa.
ShipmentContact,+ canNotify(): Decision,validate_v2_freight_payload,MAPPED_RELATED_OPERATION,EVIDENCIA_PENDIENTE,RELATED_OPERATION_ONLY: exact standalone UML-method semantics are not inferred from a suite passing,Probar la semántica exacta de este método y sus invariantes; una operación relacionada no acredita equivalencia completa.
ShipmentContact,+ matches(role: ContactRole): boolean,validate_v2_freight_payload,MAPPED_RELATED_OPERATION,EVIDENCIA_PENDIENTE,RELATED_OPERATION_ONLY: exact standalone UML-method semantics are not inferred from a suite passing,Probar la semántica exacta de este método y sus invariantes; una operación relacionada no acredita equivalencia completa.
CarrierOperator,+ mayIssueOffer(): Decision,command_v2_identity_directory,MAPPED_RELATED_OPERATION,EVIDENCIA_PENDIENTE,RELATED_OPERATION_ONLY: exact standalone UML-method semantics are not inferred from a suite passing,Probar la semántica exacta de este método y sus invariantes; una operación relacionada no acredita equivalencia completa.
CarrierOperator,+ mayUpdateCapacity(): Decision,command_v2_identity_directory,MAPPED_RELATED_OPERATION,EVIDENCIA_PENDIENTE,RELATED_OPERATION_ONLY: exact standalone UML-method semantics are not inferred from a suite passing,Probar la semántica exacta de este método y sus invariantes; una operación relacionada no acredita equivalencia completa.
AssetCargoCapability,+ supports(cargo: CargoSpecification): Decision,command_v2_fleet,MAPPED_RELATED_OPERATION,EVIDENCIA_PENDIENTE,RELATED_OPERATION_ONLY: exact standalone UML-method semantics are not inferred from a suite passing,Probar la semántica exacta de este método y sus invariantes; una operación relacionada no acredita equivalencia completa.
AssetCargoCapability,+ currentAt(at: Instant): Decision,command_v2_fleet,MAPPED_RELATED_OPERATION,EVIDENCIA_PENDIENTE,RELATED_OPERATION_ONLY: exact standalone UML-method semantics are not inferred from a suite passing,Probar la semántica exacta de este método y sus invariantes; una operación relacionada no acredita equivalencia completa.
RouteSimulationScenario,+ inject(condition: RouteCondition): Result,workflow_route,MAPPED_RELATED_OPERATION,EVIDENCIA_PENDIENTE,RELATED_OPERATION_ONLY: exact standalone UML-method semantics are not inferred from a suite passing,Probar la semántica exacta de este método y sus invariantes; una operación relacionada no acredita equivalencia completa.
RouteSimulationScenario,+ replay(): RouteDecision,workflow_route,MAPPED_RELATED_OPERATION,EVIDENCIA_PENDIENTE,RELATED_OPERATION_ONLY: exact standalone UML-method semantics are not inferred from a suite passing,Probar la semántica exacta de este método y sus invariantes; una operación relacionada no acredita equivalencia completa.
RoutePlanner,"+ findAlternatives(request: FreightRequest, policy: RoutePlanningPolicy): RoutePlan[]",command_v2_route_planner,MAPPED_RELATED_OPERATION,EVIDENCIA_PENDIENTE,RELATED_OPERATION_ONLY: exact standalone UML-method semantics are not inferred from a suite passing,Probar la semántica exacta de este método y sus invariantes; una operación relacionada no acredita equivalencia completa.
RoutePlanner,"+ replan(plan: RoutePlan, condition: RouteCondition): RouteDecision",command_v2_route_planner,MAPPED_RELATED_OPERATION,EVIDENCIA_PENDIENTE,RELATED_OPERATION_ONLY: exact standalone UML-method semantics are not inferred from a suite passing,Probar la semántica exacta de este método y sus invariantes; una operación relacionada no acredita equivalencia completa.
RoutePlanner,+ explain(plan: RoutePlan): Explanation,command_v2_route_planner,MAPPED_RELATED_OPERATION,EVIDENCIA_PENDIENTE,RELATED_OPERATION_ONLY: exact standalone UML-method semantics are not inferred from a suite passing,Probar la semántica exacta de este método y sus invariantes; una operación relacionada no acredita equivalencia completa.
SelectionDecision,+ validatesSelectedOffer(): Decision,workflow_selection,MAPPED_RELATED_OPERATION,EVIDENCIA_PENDIENTE,RELATED_OPERATION_ONLY: exact standalone UML-method semantics are not inferred from a suite passing,Probar la semántica exacta de este método y sus invariantes; una operación relacionada no acredita equivalencia completa.
SelectionDecision,+ auditRecord(): AuditEvent,workflow_selection,MAPPED_RELATED_OPERATION,EVIDENCIA_PENDIENTE,RELATED_OPERATION_ONLY: exact standalone UML-method semantics are not inferred from a suite passing,Probar la semántica exacta de este método y sus invariantes; una operación relacionada no acredita equivalencia completa.
SelectionDecision,+ validatePlanAndOffers(): Decision,workflow_selection,MAPPED_RELATED_OPERATION,EVIDENCIA_PENDIENTE,RELATED_OPERATION_ONLY: exact standalone UML-method semantics are not inferred from a suite passing,Probar la semántica exacta de este método y sus invariantes; una operación relacionada no acredita equivalencia completa.
