"path","reason"
"cargomesh/scripts/automated-webmcp-spike.mjs","Script de runtime WebMCP V1 retirado"
"cargomesh/scripts/autonomous-webmcp-worker.mjs","Script de runtime WebMCP V1 retirado"
"cargomesh/scripts/mcp-external-client-evidence.mjs","Script de runtime WebMCP V1 retirado"
"cargomesh/scripts/release-preflight.mjs","Script de runtime WebMCP V1 retirado"
"cargomesh/scripts/release-smoke.mjs","Script de runtime WebMCP V1 retirado"
"cargomesh/src/app/(auth)/login/.gitkeep","Placeholder de carpeta retirada"
"cargomesh/src/app/(cargomesh)/booking/[requestCode]/status/page.tsx","Runtime o prueba del flujo WebMCP/V1 retirado; consumidores V2 verificados por typecheck/build"
"cargomesh/src/app/(cargomesh)/dispatch/[id]/page.tsx","Runtime o prueba del flujo WebMCP/V1 retirado; consumidores V2 verificados por typecheck/build"
"cargomesh/src/app/(cargomesh)/dispatch/error.tsx","Runtime o prueba del flujo WebMCP/V1 retirado; consumidores V2 verificados por typecheck/build"
"cargomesh/src/app/(cargomesh)/dispatch/loading.tsx","Runtime o prueba del flujo WebMCP/V1 retirado; consumidores V2 verificados por typecheck/build"
"cargomesh/src/app/(cargomesh)/dispatch/page.tsx","Runtime o prueba del flujo WebMCP/V1 retirado; consumidores V2 verificados por typecheck/build"
"cargomesh/src/app/(cargomesh)/supervisor/exceptions/page.tsx","Runtime o prueba del flujo WebMCP/V1 retirado; consumidores V2 verificados por typecheck/build"
"cargomesh/src/app/(cargomesh)/tracking/[id]/page.tsx","Runtime o prueba del flujo WebMCP/V1 retirado; consumidores V2 verificados por typecheck/build"
"cargomesh/src/app/(cargomesh)/tracking/[id]/tracking-detail.module.css","Runtime o prueba del flujo WebMCP/V1 retirado; consumidores V2 verificados por typecheck/build"
"cargomesh/src/app/(dashboard)/dispatch/.gitkeep","Placeholder de carpeta retirada"
"cargomesh/src/app/(dashboard)/history/.gitkeep","Placeholder de carpeta retirada"
"cargomesh/src/app/(dashboard)/requests/.gitkeep","Placeholder de carpeta retirada"
"cargomesh/src/app/(dashboard)/tracking/.gitkeep","Placeholder de carpeta retirada"
"cargomesh/src/app/api/auth/demo-login/route.ts","Runtime o prueba del flujo WebMCP/V1 retirado; consumidores V2 verificados por typecheck/build"
"cargomesh/src/app/api/bookings/[bookingId]/route.ts","Runtime o prueba del flujo WebMCP/V1 retirado; consumidores V2 verificados por typecheck/build"
"cargomesh/src/app/api/bookings/prepare/route.ts","Runtime o prueba del flujo WebMCP/V1 retirado; consumidores V2 verificados por typecheck/build"
"cargomesh/src/app/api/bookings/record-provider/route.ts","Runtime o prueba del flujo WebMCP/V1 retirado; consumidores V2 verificados por typecheck/build"
"cargomesh/src/app/api/bookings/record-status/route.ts","Runtime o prueba del flujo WebMCP/V1 retirado; consumidores V2 verificados por typecheck/build"
"cargomesh/src/app/api/bookings/recover/route.ts","Runtime o prueba del flujo WebMCP/V1 retirado; consumidores V2 verificados por typecheck/build"
"cargomesh/src/app/api/bookings/reset-demo/route.ts","Runtime o prueba del flujo WebMCP/V1 retirado; consumidores V2 verificados por typecheck/build"
"cargomesh/src/app/api/freight-requests/[freightRequestId]/draft/route.ts","Runtime o prueba del flujo WebMCP/V1 retirado; consumidores V2 verificados por typecheck/build"
"cargomesh/src/app/api/freight-requests/[freightRequestId]/execution-intent/route.ts","Runtime o prueba del flujo WebMCP/V1 retirado; consumidores V2 verificados por typecheck/build"
"cargomesh/src/app/api/freight-requests/[freightRequestId]/manual-intake/route.ts","Runtime o prueba del flujo WebMCP/V1 retirado; consumidores V2 verificados por typecheck/build"
"cargomesh/src/app/api/freight-requests/[freightRequestId]/recommendations/route.ts","Runtime o prueba del flujo WebMCP/V1 retirado; consumidores V2 verificados por typecheck/build"
"cargomesh/src/app/api/freight-requests/drafts/route.ts","Runtime o prueba del flujo WebMCP/V1 retirado; consumidores V2 verificados por typecheck/build"
"cargomesh/src/app/api/freight-requests/intake/[requestCode]/route.ts","Runtime o prueba del flujo WebMCP/V1 retirado; consumidores V2 verificados por typecheck/build"
"cargomesh/src/app/api/judge/evidence/route.ts","Runtime o prueba del flujo WebMCP/V1 retirado; consumidores V2 verificados por typecheck/build"
"cargomesh/src/app/api/orchestration/candidates/route.ts","Runtime o prueba del flujo WebMCP/V1 retirado; consumidores V2 verificados por typecheck/build"
"cargomesh/src/app/api/orchestration/evaluate-offers/route.ts","Runtime o prueba del flujo WebMCP/V1 retirado; consumidores V2 verificados por typecheck/build"
"cargomesh/src/app/api/orchestration/record-result/route.ts","Runtime o prueba del flujo WebMCP/V1 retirado; consumidores V2 verificados por typecheck/build"
"cargomesh/src/app/api/orchestration/runs/[runId]/route.ts","Runtime o prueba del flujo WebMCP/V1 retirado; consumidores V2 verificados por typecheck/build"
"cargomesh/src/app/api/orchestration/runs/route.ts","Runtime o prueba del flujo WebMCP/V1 retirado; consumidores V2 verificados por typecheck/build"
"cargomesh/src/app/api/organization/preferences/route.ts","Runtime o prueba del flujo WebMCP/V1 retirado; consumidores V2 verificados por typecheck/build"
"cargomesh/src/app/providers/[carrierSlug]/not-found.tsx","Runtime o prueba del flujo WebMCP/V1 retirado; consumidores V2 verificados por typecheck/build"
"cargomesh/src/app/providers/[carrierSlug]/page.tsx","Runtime o prueba del flujo WebMCP/V1 retirado; consumidores V2 verificados por typecheck/build"
"cargomesh/src/app/providers/[carrierSlug]/provider-webmcp-host.tsx","Runtime o prueba del flujo WebMCP/V1 retirado; consumidores V2 verificados por typecheck/build"
"cargomesh/src/app/providers/[carrierSlug]/provider.module.css","Runtime o prueba del flujo WebMCP/V1 retirado; consumidores V2 verificados por typecheck/build"
"cargomesh/src/app/providers/layout.tsx","Runtime o prueba del flujo WebMCP/V1 retirado; consumidores V2 verificados por typecheck/build"
"cargomesh/src/app/providers/page.tsx","Runtime o prueba del flujo WebMCP/V1 retirado; consumidores V2 verificados por typecheck/build"
"cargomesh/src/app/providers/providers-directory.module.css","Runtime o prueba del flujo WebMCP/V1 retirado; consumidores V2 verificados por typecheck/build"
"cargomesh/src/components/booking-status-client.module.css","Runtime o prueba del flujo WebMCP/V1 retirado; consumidores V2 verificados por typecheck/build"
"cargomesh/src/components/booking-status-client.tsx","Runtime o prueba del flujo WebMCP/V1 retirado; consumidores V2 verificados por typecheck/build"
"cargomesh/src/components/booking-workspace.module.css","Runtime o prueba del flujo WebMCP/V1 retirado; consumidores V2 verificados por typecheck/build"
"cargomesh/src/components/booking-workspace.tsx","Runtime o prueba del flujo WebMCP/V1 retirado; consumidores V2 verificados por typecheck/build"
"cargomesh/src/components/capacity-panel.module.css","Runtime o prueba del flujo WebMCP/V1 retirado; consumidores V2 verificados por typecheck/build"
"cargomesh/src/components/capacity-panel.tsx","Runtime o prueba del flujo WebMCP/V1 retirado; consumidores V2 verificados por typecheck/build"
"cargomesh/src/components/dashboard/.gitkeep","Placeholder de carpeta retirada"
"cargomesh/src/components/demo-login.module.css","Renombrado password-login.module.css; estilos compartidos preservados"
"cargomesh/src/components/demo-login.tsx","Runtime o prueba del flujo WebMCP/V1 retirado; consumidores V2 verificados por typecheck/build"
"cargomesh/src/components/dispatch-view.module.css","Runtime o prueba del flujo WebMCP/V1 retirado; consumidores V2 verificados por typecheck/build"
"cargomesh/src/components/dispatch-view.tsx","Runtime o prueba del flujo WebMCP/V1 retirado; consumidores V2 verificados por typecheck/build"
"cargomesh/src/components/freight-intake-form.module.css","Runtime o prueba del flujo WebMCP/V1 retirado; consumidores V2 verificados por typecheck/build"
"cargomesh/src/components/freight-intake-form.tsx","Runtime o prueba del flujo WebMCP/V1 retirado; consumidores V2 verificados por typecheck/build"
"cargomesh/src/components/freight-intake-loader.module.css","Runtime o prueba del flujo WebMCP/V1 retirado; consumidores V2 verificados por typecheck/build"
"cargomesh/src/components/freight-intake-loader.tsx","Runtime o prueba del flujo WebMCP/V1 retirado; consumidores V2 verificados por typecheck/build"
"cargomesh/src/components/judge-drawer.module.css","Runtime o prueba del flujo WebMCP/V1 retirado; consumidores V2 verificados por typecheck/build"
"cargomesh/src/components/judge-drawer.tsx","Runtime o prueba del flujo WebMCP/V1 retirado; consumidores V2 verificados por typecheck/build"
"cargomesh/src/components/judge-drawer/.gitkeep","Placeholder de carpeta retirada"
"cargomesh/src/components/layout/.gitkeep","Placeholder de carpeta retirada"
"cargomesh/src/components/live-tracking-map.module.css","Runtime o prueba del flujo WebMCP/V1 retirado; consumidores V2 verificados por typecheck/build"
"cargomesh/src/components/live-tracking-map.tsx","Runtime o prueba del flujo WebMCP/V1 retirado; consumidores V2 verificados por typecheck/build"
"cargomesh/src/components/operations-map.module.css","Runtime o prueba del flujo WebMCP/V1 retirado; consumidores V2 verificados por typecheck/build"
"cargomesh/src/components/operations-map.tsx","Runtime o prueba del flujo WebMCP/V1 retirado; consumidores V2 verificados por typecheck/build"
"cargomesh/src/components/organization-policies.module.css","Runtime o prueba del flujo WebMCP/V1 retirado; consumidores V2 verificados por typecheck/build"
"cargomesh/src/components/organization-policies.tsx","Runtime o prueba del flujo WebMCP/V1 retirado; consumidores V2 verificados por typecheck/build"
"cargomesh/src/components/providers/.gitkeep","Placeholder de carpeta retirada"
"cargomesh/src/components/request-directory.module.css","Runtime o prueba del flujo WebMCP/V1 retirado; consumidores V2 verificados por typecheck/build"
"cargomesh/src/components/request-directory.tsx","Runtime o prueba del flujo WebMCP/V1 retirado; consumidores V2 verificados por typecheck/build"
"cargomesh/src/components/request-table.module.css","Runtime o prueba del flujo WebMCP/V1 retirado; consumidores V2 verificados por typecheck/build"
"cargomesh/src/components/request-table.tsx","Runtime o prueba del flujo WebMCP/V1 retirado; consumidores V2 verificados por typecheck/build"
"cargomesh/src/components/status-badge.module.css","Runtime o prueba del flujo WebMCP/V1 retirado; consumidores V2 verificados por typecheck/build"
"cargomesh/src/components/status-badge.tsx","Runtime o prueba del flujo WebMCP/V1 retirado; consumidores V2 verificados por typecheck/build"
"cargomesh/src/components/stepper/.gitkeep","Placeholder de carpeta retirada"
"cargomesh/src/components/vehicle-status-panel.module.css","Runtime o prueba del flujo WebMCP/V1 retirado; consumidores V2 verificados por typecheck/build"
"cargomesh/src/components/vehicle-status-panel.tsx","Runtime o prueba del flujo WebMCP/V1 retirado; consumidores V2 verificados por typecheck/build"
"cargomesh/src/features/auth/demo-login-client.test.ts","Runtime o prueba del flujo WebMCP/V1 retirado; consumidores V2 verificados por typecheck/build"
"cargomesh/src/features/auth/demo-login-client.ts","Runtime o prueba del flujo WebMCP/V1 retirado; consumidores V2 verificados por typecheck/build"
"cargomesh/src/features/auth/login-copy.test.ts","Runtime o prueba del flujo WebMCP/V1 retirado; consumidores V2 verificados por typecheck/build"
"cargomesh/src/features/auth/login-copy.ts","Runtime o prueba del flujo WebMCP/V1 retirado; consumidores V2 verificados por typecheck/build"
"cargomesh/src/features/booking/bridge-call-id.test.ts","Runtime o prueba del flujo WebMCP/V1 retirado; consumidores V2 verificados por typecheck/build"
"cargomesh/src/features/booking/bridge-call-id.ts","Runtime o prueba del flujo WebMCP/V1 retirado; consumidores V2 verificados por typecheck/build"
"cargomesh/src/features/booking/contracts.ts","Runtime o prueba del flujo WebMCP/V1 retirado; consumidores V2 verificados por typecheck/build"
"cargomesh/src/features/booking/index.ts","Runtime o prueba del flujo WebMCP/V1 retirado; consumidores V2 verificados por typecheck/build"
"cargomesh/src/features/booking/validation.test.ts","Runtime o prueba del flujo WebMCP/V1 retirado; consumidores V2 verificados por typecheck/build"
"cargomesh/src/features/booking/validation.ts","Runtime o prueba del flujo WebMCP/V1 retirado; consumidores V2 verificados por typecheck/build"
"cargomesh/src/features/dashboard/dashboard-map.test.ts","Runtime o prueba del flujo WebMCP/V1 retirado; consumidores V2 verificados por typecheck/build"
"cargomesh/src/features/dashboard/dashboard-map.ts","Runtime o prueba del flujo WebMCP/V1 retirado; consumidores V2 verificados por typecheck/build"
"cargomesh/src/features/dashboard/dashboard-view-model.test.ts","Runtime o prueba del flujo WebMCP/V1 retirado; consumidores V2 verificados por typecheck/build"
"cargomesh/src/features/dashboard/dashboard-view-model.ts","Runtime o prueba del flujo WebMCP/V1 retirado; consumidores V2 verificados por typecheck/build"
"cargomesh/src/features/dashboard/operations-map-contract.ts","Runtime o prueba del flujo WebMCP/V1 retirado; consumidores V2 verificados por typecheck/build"
"cargomesh/src/features/dashboard/operations-map-geometry.ts","Runtime o prueba del flujo WebMCP/V1 retirado; consumidores V2 verificados por typecheck/build"
"cargomesh/src/features/decision-engine/balanced.test.ts","Runtime o prueba del flujo WebMCP/V1 retirado; consumidores V2 verificados por typecheck/build"
"cargomesh/src/features/decision-engine/balanced.ts","Runtime o prueba del flujo WebMCP/V1 retirado; consumidores V2 verificados por typecheck/build"
"cargomesh/src/features/decision-engine/contracts.ts","Runtime o prueba del flujo WebMCP/V1 retirado; consumidores V2 verificados por typecheck/build"
"cargomesh/src/features/decision-engine/index.ts","Runtime o prueba del flujo WebMCP/V1 retirado; consumidores V2 verificados por typecheck/build"
"cargomesh/src/features/discovery/candidate-matcher.test.ts","Runtime o prueba del flujo WebMCP/V1 retirado; consumidores V2 verificados por typecheck/build"
"cargomesh/src/features/discovery/candidate-matcher.ts","Runtime o prueba del flujo WebMCP/V1 retirado; consumidores V2 verificados por typecheck/build"
"cargomesh/src/features/discovery/index.ts","Runtime o prueba del flujo WebMCP/V1 retirado; consumidores V2 verificados por typecheck/build"
"cargomesh/src/features/discovery/provider-navigation.ts","Runtime o prueba del flujo WebMCP/V1 retirado; consumidores V2 verificados por typecheck/build"
"cargomesh/src/features/freight-requests/draft-creation-client.ts","Runtime o prueba del flujo WebMCP/V1 retirado; consumidores V2 verificados por typecheck/build"
"cargomesh/src/features/freight-requests/execution-intent-client.ts","Runtime o prueba del flujo WebMCP/V1 retirado; consumidores V2 verificados por typecheck/build"
"cargomesh/src/features/freight-requests/execution-intent-contracts.ts","Runtime o prueba del flujo WebMCP/V1 retirado; consumidores V2 verificados por typecheck/build"
"cargomesh/src/features/freight-requests/execution-intent.test.ts","Runtime o prueba del flujo WebMCP/V1 retirado; consumidores V2 verificados por typecheck/build"
"cargomesh/src/features/freight-requests/geography-data.ts","Runtime o prueba del flujo WebMCP/V1 retirado; consumidores V2 verificados por typecheck/build"
"cargomesh/src/features/freight-requests/intake-client.ts","Runtime o prueba del flujo WebMCP/V1 retirado; consumidores V2 verificados por typecheck/build"
"cargomesh/src/features/freight-requests/intake-contracts.ts","Runtime o prueba del flujo WebMCP/V1 retirado; consumidores V2 verificados por typecheck/build"
"cargomesh/src/features/freight-requests/intake-responsive-overflow.test.ts","Runtime o prueba del flujo WebMCP/V1 retirado; consumidores V2 verificados por typecheck/build"
"cargomesh/src/features/freight-requests/intake-ui-adapter.test.ts","Runtime o prueba del flujo WebMCP/V1 retirado; consumidores V2 verificados por typecheck/build"
"cargomesh/src/features/freight-requests/intake-ui-adapter.ts","Runtime o prueba del flujo WebMCP/V1 retirado; consumidores V2 verificados por typecheck/build"
"cargomesh/src/features/freight-requests/intake.test.ts","Runtime o prueba del flujo WebMCP/V1 retirado; consumidores V2 verificados por typecheck/build"
"cargomesh/src/features/freight-requests/manual-intake-client.ts","Runtime o prueba del flujo WebMCP/V1 retirado; consumidores V2 verificados por typecheck/build"
"cargomesh/src/features/freight-requests/manual-intake-contracts.ts","Runtime o prueba del flujo WebMCP/V1 retirado; consumidores V2 verificados por typecheck/build"
"cargomesh/src/features/freight-requests/manual-intake-normalizer.ts","Runtime o prueba del flujo WebMCP/V1 retirado; consumidores V2 verificados por typecheck/build"
"cargomesh/src/features/freight-requests/manual-intake.test.ts","Runtime o prueba del flujo WebMCP/V1 retirado; consumidores V2 verificados por typecheck/build"
"cargomesh/src/features/freight-requests/new-draft-ui.test.ts","Runtime o prueba del flujo WebMCP/V1 retirado; consumidores V2 verificados por typecheck/build"
"cargomesh/src/features/freight-ui/booking-client.test.ts","Runtime o prueba del flujo WebMCP/V1 retirado; consumidores V2 verificados por typecheck/build"
"cargomesh/src/features/freight-ui/booking-client.ts","Runtime o prueba del flujo WebMCP/V1 retirado; consumidores V2 verificados por typecheck/build"
"cargomesh/src/features/freight-ui/booking-ui-fixtures.test.ts","Runtime o prueba del flujo WebMCP/V1 retirado; consumidores V2 verificados por typecheck/build"
"cargomesh/src/features/freight-ui/booking-ui-fixtures.ts","Runtime o prueba del flujo WebMCP/V1 retirado; consumidores V2 verificados por typecheck/build"
"cargomesh/src/features/freight-ui/dispatch-policies.test.ts","Runtime o prueba del flujo WebMCP/V1 retirado; consumidores V2 verificados por typecheck/build"
"cargomesh/src/features/freight-ui/dispatch-policies.ts","Runtime o prueba del flujo WebMCP/V1 retirado; consumidores V2 verificados por typecheck/build"
"cargomesh/src/features/freight-ui/int02a-client.test.ts","Runtime o prueba del flujo WebMCP/V1 retirado; consumidores V2 verificados por typecheck/build"
"cargomesh/src/features/freight-ui/int02a-client.ts","Runtime o prueba del flujo WebMCP/V1 retirado; consumidores V2 verificados por typecheck/build"
"cargomesh/src/features/freight-ui/ui-fixtures.ts","Runtime o prueba del flujo WebMCP/V1 retirado; consumidores V2 verificados por typecheck/build"
"cargomesh/src/features/freight-ui/view-models.ts","Runtime o prueba del flujo WebMCP/V1 retirado; consumidores V2 verificados por typecheck/build"
"cargomesh/src/features/i18n/judge-evidence-presentation.test.ts","Runtime o prueba del flujo WebMCP/V1 retirado; consumidores V2 verificados por typecheck/build"
"cargomesh/src/features/i18n/judge-evidence-presentation.ts","Runtime o prueba del flujo WebMCP/V1 retirado; consumidores V2 verificados por typecheck/build"
"cargomesh/src/features/i18n/judge-guide-content.ts","Runtime o prueba del flujo WebMCP/V1 retirado; consumidores V2 verificados por typecheck/build"
"cargomesh/src/features/i18n/release-copy.test.ts","Runtime o prueba del flujo WebMCP/V1 retirado; consumidores V2 verificados por typecheck/build"
"cargomesh/src/features/landing/landing-copy.test.ts","Runtime o prueba del flujo WebMCP/V1 retirado; consumidores V2 verificados por typecheck/build"
"cargomesh/src/features/landing/landing-copy.ts","Runtime o prueba del flujo WebMCP/V1 retirado; consumidores V2 verificados por typecheck/build"
"cargomesh/src/features/orchestration/contracts.ts","Runtime o prueba del flujo WebMCP/V1 retirado; consumidores V2 verificados por typecheck/build"
"cargomesh/src/features/orchestration/start-run-input.test.ts","Runtime o prueba del flujo WebMCP/V1 retirado; consumidores V2 verificados por typecheck/build"
"cargomesh/src/features/orchestration/start-run-input.ts","Runtime o prueba del flujo WebMCP/V1 retirado; consumidores V2 verificados por typecheck/build"
"cargomesh/src/features/orchestration/view-model.test.ts","Runtime o prueba del flujo WebMCP/V1 retirado; consumidores V2 verificados por typecheck/build"
"cargomesh/src/features/orchestration/view-model.ts","Runtime o prueba del flujo WebMCP/V1 retirado; consumidores V2 verificados por typecheck/build"
"cargomesh/src/features/providers/book-freight-tool.ts","Runtime o prueba del flujo WebMCP/V1 retirado; consumidores V2 verificados por typecheck/build"
"cargomesh/src/features/providers/check-capacity-tool.ts","Runtime o prueba del flujo WebMCP/V1 retirado; consumidores V2 verificados por typecheck/build"
"cargomesh/src/features/providers/check-service-coverage-tool.ts","Runtime o prueba del flujo WebMCP/V1 retirado; consumidores V2 verificados por typecheck/build"
"cargomesh/src/features/providers/contracts.ts","Runtime o prueba del flujo WebMCP/V1 retirado; consumidores V2 verificados por typecheck/build"
"cargomesh/src/features/providers/get-provider-booking-status-tool.ts","Runtime o prueba del flujo WebMCP/V1 retirado; consumidores V2 verificados por typecheck/build"
"cargomesh/src/features/providers/provider-booking-contracts.ts","Runtime o prueba del flujo WebMCP/V1 retirado; consumidores V2 verificados por typecheck/build"
"cargomesh/src/features/providers/provider-booking-runtime.ts","Runtime o prueba del flujo WebMCP/V1 retirado; consumidores V2 verificados por typecheck/build"
"cargomesh/src/features/providers/provider-booking-tools.test.ts","Runtime o prueba del flujo WebMCP/V1 retirado; consumidores V2 verificados por typecheck/build"
"cargomesh/src/features/providers/provider-capability-fixtures.ts","Runtime o prueba del flujo WebMCP/V1 retirado; consumidores V2 verificados por typecheck/build"
"cargomesh/src/features/providers/provider-query-tools.test.ts","Runtime o prueba del flujo WebMCP/V1 retirado; consumidores V2 verificados por typecheck/build"
"cargomesh/src/features/providers/provider-route-params.test.ts","Runtime o prueba del flujo WebMCP/V1 retirado; consumidores V2 verificados por typecheck/build"
"cargomesh/src/features/providers/provider-route-params.ts","Runtime o prueba del flujo WebMCP/V1 retirado; consumidores V2 verificados por typecheck/build"
"cargomesh/src/features/providers/provider-tool-registration.ts","Runtime o prueba del flujo WebMCP/V1 retirado; consumidores V2 verificados por typecheck/build"
"cargomesh/src/features/providers/provider-tool-runtime.ts","Runtime o prueba del flujo WebMCP/V1 retirado; consumidores V2 verificados por typecheck/build"
"cargomesh/src/features/providers/quote-freight-tool.ts","Runtime o prueba del flujo WebMCP/V1 retirado; consumidores V2 verificados por typecheck/build"
"cargomesh/src/features/recommendations/README.md","Runtime o prueba del flujo WebMCP/V1 retirado; consumidores V2 verificados por typecheck/build"
"cargomesh/src/features/recommendations/contracts.ts","Runtime o prueba del flujo WebMCP/V1 retirado; consumidores V2 verificados por typecheck/build"
"cargomesh/src/features/recommendations/freight-recommendation-panel.module.css","Runtime o prueba del flujo WebMCP/V1 retirado; consumidores V2 verificados por typecheck/build"
"cargomesh/src/features/recommendations/freight-recommendation-panel.tsx","Runtime o prueba del flujo WebMCP/V1 retirado; consumidores V2 verificados por typecheck/build"
"cargomesh/src/features/recommendations/freight-recommendation-webmcp-host.tsx","Runtime o prueba del flujo WebMCP/V1 retirado; consumidores V2 verificados por typecheck/build"
"cargomesh/src/features/recommendations/get-freight-request-recommendations-tool.ts","Runtime o prueba del flujo WebMCP/V1 retirado; consumidores V2 verificados por typecheck/build"
"cargomesh/src/features/recommendations/recommendation-acceptance.ts","Runtime o prueba del flujo WebMCP/V1 retirado; consumidores V2 verificados por typecheck/build"
"cargomesh/src/features/recommendations/recommendation-draft-client.test.ts","Runtime o prueba del flujo WebMCP/V1 retirado; consumidores V2 verificados por typecheck/build"
"cargomesh/src/features/recommendations/recommendation-draft-client.ts","Runtime o prueba del flujo WebMCP/V1 retirado; consumidores V2 verificados por typecheck/build"
"cargomesh/src/features/recommendations/recommendation-draft-contracts.ts","Runtime o prueba del flujo WebMCP/V1 retirado; consumidores V2 verificados por typecheck/build"
"cargomesh/src/features/recommendations/recommendation-ui-policy.test.ts","Runtime o prueba del flujo WebMCP/V1 retirado; consumidores V2 verificados por typecheck/build"
"cargomesh/src/features/recommendations/recommendation-ui-policy.ts","Runtime o prueba del flujo WebMCP/V1 retirado; consumidores V2 verificados por typecheck/build"
"cargomesh/src/features/recommendations/recommendation-webmcp-runtime.test.ts","Runtime o prueba del flujo WebMCP/V1 retirado; consumidores V2 verificados por typecheck/build"
"cargomesh/src/features/recommendations/recommendation-webmcp-runtime.ts","Runtime o prueba del flujo WebMCP/V1 retirado; consumidores V2 verificados por typecheck/build"
"cargomesh/src/features/recommendations/validation.ts","Runtime o prueba del flujo WebMCP/V1 retirado; consumidores V2 verificados por typecheck/build"
"cargomesh/src/features/result-bridge/contracts.ts","Runtime o prueba del flujo WebMCP/V1 retirado; consumidores V2 verificados por typecheck/build"
"cargomesh/src/features/result-bridge/index.ts","Runtime o prueba del flujo WebMCP/V1 retirado; consumidores V2 verificados por typecheck/build"
"cargomesh/src/features/result-bridge/validation.test.ts","Runtime o prueba del flujo WebMCP/V1 retirado; consumidores V2 verificados por typecheck/build"
"cargomesh/src/features/result-bridge/validation.ts","Runtime o prueba del flujo WebMCP/V1 retirado; consumidores V2 verificados por typecheck/build"
"cargomesh/src/features/webmcp-runner/README.md","Runtime o prueba del flujo WebMCP/V1 retirado; consumidores V2 verificados por typecheck/build"
"cargomesh/src/features/webmcp-runner/contracts.ts","Runtime o prueba del flujo WebMCP/V1 retirado; consumidores V2 verificados por typecheck/build"
"cargomesh/src/features/webmcp-runner/document-model-context-adapter.ts","Runtime o prueba del flujo WebMCP/V1 retirado; consumidores V2 verificados por typecheck/build"
"cargomesh/src/features/webmcp-runner/execute-tool-input.ts","Runtime o prueba del flujo WebMCP/V1 retirado; consumidores V2 verificados por typecheck/build"
"cargomesh/src/features/webmcp-runner/external-provider-navigation-adapter.test.ts","Runtime o prueba del flujo WebMCP/V1 retirado; consumidores V2 verificados por typecheck/build"
"cargomesh/src/features/webmcp-runner/external-provider-navigation-adapter.ts","Runtime o prueba del flujo WebMCP/V1 retirado; consumidores V2 verificados por typecheck/build"
"cargomesh/src/features/webmcp-runner/external-webmcp-validation-harness.test.ts","Runtime o prueba del flujo WebMCP/V1 retirado; consumidores V2 verificados por typecheck/build"
"cargomesh/src/features/webmcp-runner/external-webmcp-validation-harness.ts","Runtime o prueba del flujo WebMCP/V1 retirado; consumidores V2 verificados por typecheck/build"
"cargomesh/src/features/webmcp-runner/index.ts","Runtime o prueba del flujo WebMCP/V1 retirado; consumidores V2 verificados por typecheck/build"
"cargomesh/src/features/webmcp-runner/orchestration-runner.test.ts","Runtime o prueba del flujo WebMCP/V1 retirado; consumidores V2 verificados por typecheck/build"
"cargomesh/src/features/webmcp-runner/orchestration-runner.ts","Runtime o prueba del flujo WebMCP/V1 retirado; consumidores V2 verificados por typecheck/build"
"cargomesh/src/features/webmcp-runner/provider-runner.test.ts","Runtime o prueba del flujo WebMCP/V1 retirado; consumidores V2 verificados por typecheck/build"
"cargomesh/src/features/webmcp-runner/provider-runner.ts","Runtime o prueba del flujo WebMCP/V1 retirado; consumidores V2 verificados por typecheck/build"
"cargomesh/src/features/webmcp-runner/replay.ts","Runtime o prueba del flujo WebMCP/V1 retirado; consumidores V2 verificados por typecheck/build"
"cargomesh/src/features/webmcp-runner/tool-call-id.ts","Runtime o prueba del flujo WebMCP/V1 retirado; consumidores V2 verificados por typecheck/build"
"cargomesh/src/lib/supabase/.gitkeep","Placeholder de carpeta retirada"
"cargomesh/src/lib/supabase/client.ts","Runtime o prueba del flujo WebMCP/V1 retirado; consumidores V2 verificados por typecheck/build"
"cargomesh/src/lib/utils/.gitkeep","Placeholder de carpeta retirada"
"cargomesh/src/lib/webmcp/.gitkeep","Placeholder de carpeta retirada"
"cargomesh/src/server/db/supabase/admin.ts","Runtime o prueba del flujo WebMCP/V1 retirado; consumidores V2 verificados por typecheck/build"
"cargomesh/src/server/hono/adapters/freight-request-adapter.test.ts","Runtime o prueba del flujo WebMCP/V1 retirado; consumidores V2 verificados por typecheck/build"
"cargomesh/src/server/hono/adapters/freight-request-adapter.ts","Runtime o prueba del flujo WebMCP/V1 retirado; consumidores V2 verificados por typecheck/build"
"cargomesh/src/server/hono/routes/freight/requests.test.ts","Runtime o prueba del flujo WebMCP/V1 retirado; consumidores V2 verificados por typecheck/build"
"cargomesh/src/server/mcp/create-freight-request.test.ts","Runtime o prueba del flujo WebMCP/V1 retirado; consumidores V2 verificados por typecheck/build"
"cargomesh/src/server/mcp/creation-test-fixture.ts","Runtime o prueba del flujo WebMCP/V1 retirado; consumidores V2 verificados por typecheck/build"
"cargomesh/src/server/mcp/find-freight-options.test.ts","Runtime o prueba del flujo WebMCP/V1 retirado; consumidores V2 verificados por typecheck/build"
"cargomesh/src/server/mcp/local-integration.test.ts","Runtime o prueba del flujo WebMCP/V1 retirado; consumidores V2 verificados por typecheck/build"
"cargomesh/src/server/mcp/submit-freight-request.test.ts","Runtime o prueba del flujo WebMCP/V1 retirado; consumidores V2 verificados por typecheck/build"
"cargomesh/src/server/mcp/tools/create-freight-request.ts","Runtime o prueba del flujo WebMCP/V1 retirado; consumidores V2 verificados por typecheck/build"
"cargomesh/src/server/mcp/tools/find-freight-options.ts","Runtime o prueba del flujo WebMCP/V1 retirado; consumidores V2 verificados por typecheck/build"
"cargomesh/src/server/mcp/tools/get-freight-options.ts","Runtime o prueba del flujo WebMCP/V1 retirado; consumidores V2 verificados por typecheck/build"
"cargomesh/src/server/mcp/tools/submit-freight-request.ts","Runtime o prueba del flujo WebMCP/V1 retirado; consumidores V2 verificados por typecheck/build"
"cargomesh/src/server/narration/bedrock.ts","Runtime o prueba del flujo WebMCP/V1 retirado; consumidores V2 verificados por typecheck/build"
"cargomesh/src/server/narration/contracts.ts","Runtime o prueba del flujo WebMCP/V1 retirado; consumidores V2 verificados por typecheck/build"
"cargomesh/src/server/narration/deterministic.ts","Runtime o prueba del flujo WebMCP/V1 retirado; consumidores V2 verificados por typecheck/build"
"cargomesh/src/server/narration/narration.test.ts","Runtime o prueba del flujo WebMCP/V1 retirado; consumidores V2 verificados por typecheck/build"
"cargomesh/src/server/services/booking/booking-bridge.ts","Runtime o prueba del flujo WebMCP/V1 retirado; consumidores V2 verificados por typecheck/build"
"cargomesh/src/server/services/booking/server-policy.test.ts","Runtime o prueba del flujo WebMCP/V1 retirado; consumidores V2 verificados por typecheck/build"
"cargomesh/src/server/services/booking/server-policy.ts","Runtime o prueba del flujo WebMCP/V1 retirado; consumidores V2 verificados por typecheck/build"
"cargomesh/src/server/services/dashboard/dashboard-server.ts","Runtime o prueba del flujo WebMCP/V1 retirado; consumidores V2 verificados por typecheck/build"
"cargomesh/src/server/services/decision-engine/evaluate-offers.ts","Runtime o prueba del flujo WebMCP/V1 retirado; consumidores V2 verificados por typecheck/build"
"cargomesh/src/server/services/discovery/get-candidate-provider-pages.ts","Runtime o prueba del flujo WebMCP/V1 retirado; consumidores V2 verificados por typecheck/build"
"cargomesh/src/server/services/freight-requests/draft-creation-policy.ts","Runtime o prueba del flujo WebMCP/V1 retirado; consumidores V2 verificados por typecheck/build"
"cargomesh/src/server/services/freight-requests/draft-creation-server.test.ts","Runtime o prueba del flujo WebMCP/V1 retirado; consumidores V2 verificados por typecheck/build"
"cargomesh/src/server/services/freight-requests/draft-creation-server.ts","Runtime o prueba del flujo WebMCP/V1 retirado; consumidores V2 verificados por typecheck/build"
"cargomesh/src/server/services/freight-requests/execution-intent-server.ts","Runtime o prueba del flujo WebMCP/V1 retirado; consumidores V2 verificados por typecheck/build"
"cargomesh/src/server/services/freight-requests/idempotent-draft-creation.test.ts","Runtime o prueba del flujo WebMCP/V1 retirado; consumidores V2 verificados por typecheck/build"
"cargomesh/src/server/services/freight-requests/idempotent-draft-creation.ts","Runtime o prueba del flujo WebMCP/V1 retirado; consumidores V2 verificados por typecheck/build"
"cargomesh/src/server/services/freight-requests/intake-server-policy.ts","Runtime o prueba del flujo WebMCP/V1 retirado; consumidores V2 verificados por typecheck/build"
"cargomesh/src/server/services/freight-requests/intake-server.ts","Runtime o prueba del flujo WebMCP/V1 retirado; consumidores V2 verificados por typecheck/build"
"cargomesh/src/server/services/freight-requests/manual-intake-server.ts","Runtime o prueba del flujo WebMCP/V1 retirado; consumidores V2 verificados por typecheck/build"
"cargomesh/src/server/services/freight-requests/submission-policy.ts","Runtime o prueba del flujo WebMCP/V1 retirado; consumidores V2 verificados por typecheck/build"
"cargomesh/src/server/services/freight-requests/submit-request.test.ts","Runtime o prueba del flujo WebMCP/V1 retirado; consumidores V2 verificados por typecheck/build"
"cargomesh/src/server/services/freight-requests/submit-request.ts","Runtime o prueba del flujo WebMCP/V1 retirado; consumidores V2 verificados por typecheck/build"
"cargomesh/src/server/services/operations/operations-server.ts","Runtime o prueba del flujo WebMCP/V1 retirado; consumidores V2 verificados por typecheck/build"
"cargomesh/src/server/services/orchestration/start-run.ts","Runtime o prueba del flujo WebMCP/V1 retirado; consumidores V2 verificados por typecheck/build"
"cargomesh/src/server/services/orchestration/view-model-server.ts","Runtime o prueba del flujo WebMCP/V1 retirado; consumidores V2 verificados por typecheck/build"
"cargomesh/src/server/services/providers/get-provider-page-config.ts","Runtime o prueba del flujo WebMCP/V1 retirado; consumidores V2 verificados por typecheck/build"
"cargomesh/src/server/services/recommendations/recommendation-draft-persistence.test.ts","Runtime o prueba del flujo WebMCP/V1 retirado; consumidores V2 verificados por typecheck/build"
"cargomesh/src/server/services/recommendations/recommendation-draft-persistence.ts","Runtime o prueba del flujo WebMCP/V1 retirado; consumidores V2 verificados por typecheck/build"
"cargomesh/src/server/services/recommendations/recommendation-draft-server.test.ts","Runtime o prueba del flujo WebMCP/V1 retirado; consumidores V2 verificados por typecheck/build"
"cargomesh/src/server/services/recommendations/recommendation-draft-server.ts","Runtime o prueba del flujo WebMCP/V1 retirado; consumidores V2 verificados por typecheck/build"
"cargomesh/src/server/services/result-bridge/record-provider-result.ts","Runtime o prueba del flujo WebMCP/V1 retirado; consumidores V2 verificados por typecheck/build"
"cargomesh/src/shared/schemas/freight-creation.ts","Runtime o prueba del flujo WebMCP/V1 retirado; consumidores V2 verificados por typecheck/build"
"cargomesh/src/shared/schemas/freight-request.ts","Runtime o prueba del flujo WebMCP/V1 retirado; consumidores V2 verificados por typecheck/build"
"cargomesh/src/shared/schemas/orchestration.ts","Runtime o prueba del flujo WebMCP/V1 retirado; consumidores V2 verificados por typecheck/build"
"cargomesh/src/types/database.types.ts","Runtime o prueba del flujo WebMCP/V1 retirado; consumidores V2 verificados por typecheck/build"
"cargomesh/src/types/webmcp.d.ts","Runtime o prueba del flujo WebMCP/V1 retirado; consumidores V2 verificados por typecheck/build"
"docs/architecture-v2/AMAZON_HACKATHON.md","Historia V1/transición disponible en Git"
"docs/architecture-v2/API_AND_SERVICE_CONVENTIONS.md","Historia V1/transición disponible en Git"
"docs/architecture-v2/APPLICATION_SCOPE.md","Historia V1/transición disponible en Git"
"docs/architecture-v2/ARCHITECTURE_V2.md","Historia V1/transición disponible en Git"
"docs/architecture-v2/BACKEND_DOMAIN_AND_PERSISTENCE_DIAGRAMS.md","Historia V1/transición disponible en Git"
"docs/architecture-v2/CARGOMESH_V2_EVOLUTION_BLUEPRINT.md","Historia V1/transición disponible en Git"
"docs/architecture-v2/CARGO_DIMENSIONS_AND_TAXONOMY_V2.md","Historia V1/transición disponible en Git"
"docs/architecture-v2/DATABASE_SCHEMA_V2_PROPOSAL.md","Historia V1/transición disponible en Git"
"docs/architecture-v2/MCP_ARCHITECTURE.md","Historia V1/transición disponible en Git"
"docs/architecture-v2/MCP_TOOL_CONTRACTS.md","Historia V1/transición disponible en Git"
"docs/architecture-v2/MIGRATION_PLAN.md","Historia V1/transición disponible en Git"
"docs/architecture-v2/README.md","Historia V1/transición disponible en Git"
"docs/architecture-v2/TEAM_OWNERSHIP.md","Historia V1/transición disponible en Git"
"docs/architecture-v2/TESTING_STRATEGY.md","Historia V1/transición disponible en Git"
"docs/architecture-v2/alexa-sample-request-payload.json","Historia V1/transición disponible en Git"
"docs/architecture-v2/alexa-sample-utterances.md","Historia V1/transición disponible en Git"
"docs/v1-webmcp/00-master/ADR-001_Dynamic_Provider_Registry.md","Historia V1/transición disponible en Git"
"docs/v1-webmcp/00-master/ADR-002_D1_Intake_Recommendations.md","Historia V1/transición disponible en Git"
"docs/v1-webmcp/00-master/CargoMesh_Planeacion_WebMCP_FINAL.md","Historia V1/transición disponible en Git"
"docs/v1-webmcp/01-requirements/CargoMesh_Catalogo_Requisitos.md","Historia V1/transición disponible en Git"
"docs/v1-webmcp/01-requirements/CargoMesh_Sprint_Backlog.md","Historia V1/transición disponible en Git"
"docs/v1-webmcp/02-database/CargoMesh_Supabase_Data_Contract.md","Historia V1/transición disponible en Git"
"docs/v1-webmcp/02-database/CargoMesh_Supabase_Schema_Contract.md","Historia V1/transición disponible en Git"
"docs/v1-webmcp/03-ux-ui/CargoMesh_Mockups_Requeridos.md","Historia V1/transición disponible en Git"
"docs/v1-webmcp/03-ux-ui/CargoMesh_Mockups_WebMCP_Ajustes.md","Historia V1/transición disponible en Git"
"docs/v1-webmcp/03-ux-ui/screenshots/01-intake-fr1042.png","Historia V1/transición disponible en Git"
"docs/v1-webmcp/03-ux-ui/screenshots/02-provider-tools-production.png","Historia V1/transición disponible en Git"
"docs/v1-webmcp/03-ux-ui/screenshots/03-judge-drawer-webmcp-trace.png","Historia V1/transición disponible en Git"
"docs/v1-webmcp/03-ux-ui/screenshots/04-balanced-ranking.png","Historia V1/transición disponible en Git"
"docs/v1-webmcp/03-ux-ui/screenshots/05-confirmed-booking.png","Historia V1/transición disponible en Git"
"docs/v1-webmcp/03-ux-ui/screenshots/06-recovery-andes-to-inca.png","Historia V1/transición disponible en Git"
"docs/v1-webmcp/03-ux-ui/screenshots/06b-recovery-inca-confirmed.png","Historia V1/transición disponible en Git"
"docs/v1-webmcp/03-ux-ui/screenshots/07-provider-cleanup.png","Historia V1/transición disponible en Git"
"docs/v1-webmcp/03-ux-ui/screenshots/README.md","Historia V1/transición disponible en Git"
"docs/v1-webmcp/04-execution/CargoMesh_C01_Security_Verification.md","Historia V1/transición disponible en Git"
"docs/v1-webmcp/04-execution/CargoMesh_Freight_Intake_ViewModel_v1.md","Historia V1/transición disponible en Git"
"docs/v1-webmcp/04-execution/CargoMesh_INT02A_Headless_Design.md","Historia V1/transición disponible en Git"
"docs/v1-webmcp/04-execution/CargoMesh_Implementation_Timeline.md","Historia V1/transición disponible en Git"
"docs/v1-webmcp/04-execution/CargoMesh_One_Day_Handoff.md","Historia V1/transición disponible en Git"
"docs/v1-webmcp/04-execution/CargoMesh_REL01_Deployment_Preflight.md","Historia V1/transición disponible en Git"
"docs/v1-webmcp/04-execution/CargoMesh_Team_Execution_Checklist.md","Historia V1/transición disponible en Git"
"docs/v1-webmcp/04-execution/CargoMesh_Team_Execution_Checklist_v1.2_History.md","Historia V1/transición disponible en Git"
"docs/v1-webmcp/04-execution/Devpost_Submission_Story.md","Historia V1/transición disponible en Git"
"docs/v1-webmcp/04-execution/REL02_Public_WebMCP_UAT_Evidence.md","Historia V1/transición disponible en Git"
"docs/v1-webmcp/04-execution/WebMCP_Demo_Console_Runbook.md","Historia V1/transición disponible en Git"
"docs/v1-webmcp/04-execution/WebMCP_External_Execute.md","Historia V1/transición disponible en Git"
"docs/v1-webmcp/04-execution/WebMCP_Judge_Audit_Guide.md","Historia V1/transición disponible en Git"
"docs/v1-webmcp/04-execution/analisis_comparativo_lapor_ai_webmcp.md","Historia V1/transición disponible en Git"
"docs/v1-webmcp/README.md","Historia V1/transición disponible en Git"
"respuesta.md","Respuesta histórica V1"
