"tipo","id","estado","categoria","motivo","dueno","evidencia","criterio","productSha"
"atributo","Organization.id","PARCIAL","EVIDENCIA_PENDIENTE","No concrete non-null field value or measured read projection in this cut","HAC-40 / Cristhian","attribute-matrix.json fila 1","Medir campo concreto y sus controles de NULL/omisión, fuente o derivación bajo authenticated; no inferir ausencia de funcionalidad.","29c385fe0ee501eb4b8b989b0a247c8fdeda62ad"
"atributo","Organization.code","PARCIAL","EVIDENCIA_PENDIENTE","No concrete non-null field value or measured read projection in this cut","HAC-40 / Cristhian","attribute-matrix.json fila 2","Medir campo concreto y sus controles de NULL/omisión, fuente o derivación bajo authenticated; no inferir ausencia de funcionalidad.","29c385fe0ee501eb4b8b989b0a247c8fdeda62ad"
"atributo","Organization.commercialName","PARCIAL","EVIDENCIA_PENDIENTE","No concrete non-null field value or measured read projection in this cut","HAC-40 / Cristhian","attribute-matrix.json fila 3","Medir campo concreto y sus controles de NULL/omisión, fuente o derivación bajo authenticated; no inferir ausencia de funcionalidad.","29c385fe0ee501eb4b8b989b0a247c8fdeda62ad"
"atributo","Organization.legalName","PARCIAL","EVIDENCIA_PENDIENTE","No concrete non-null field value or measured read projection in this cut","HAC-40 / Cristhian","attribute-matrix.json fila 4","Medir campo concreto y sus controles de NULL/omisión, fuente o derivación bajo authenticated; no inferir ausencia de funcionalidad.","29c385fe0ee501eb4b8b989b0a247c8fdeda62ad"
"atributo","Organization.taxIdType","PARCIAL","EVIDENCIA_PENDIENTE","No concrete non-null field value or measured read projection in this cut","HAC-40 / Cristhian","attribute-matrix.json fila 5","Medir campo concreto y sus controles de NULL/omisión, fuente o derivación bajo authenticated; no inferir ausencia de funcionalidad.","29c385fe0ee501eb4b8b989b0a247c8fdeda62ad"
"atributo","Organization.taxIdValue","PARCIAL","EVIDENCIA_PENDIENTE","No concrete non-null field value or measured read projection in this cut","HAC-40 / Cristhian","attribute-matrix.json fila 6","Medir campo concreto y sus controles de NULL/omisión, fuente o derivación bajo authenticated; no inferir ausencia de funcionalidad.","29c385fe0ee501eb4b8b989b0a247c8fdeda62ad"
"atributo","Organization.countryCode","PARCIAL","EVIDENCIA_PENDIENTE","No concrete non-null field value or measured read projection in this cut","HAC-40 / Cristhian","attribute-matrix.json fila 7","Medir campo concreto y sus controles de NULL/omisión, fuente o derivación bajo authenticated; no inferir ausencia de funcionalidad.","29c385fe0ee501eb4b8b989b0a247c8fdeda62ad"
"atributo","Organization.corporateEmail","PARCIAL","EVIDENCIA_PENDIENTE","No concrete non-null field value or measured read projection in this cut","HAC-40 / Cristhian","attribute-matrix.json fila 8","Medir campo concreto y sus controles de NULL/omisión, fuente o derivación bajo authenticated; no inferir ausencia de funcionalidad.","29c385fe0ee501eb4b8b989b0a247c8fdeda62ad"
"atributo","Organization.defaultCurrency","PARCIAL","EVIDENCIA_PENDIENTE","No concrete non-null field value or measured read projection in this cut","HAC-40 / Cristhian","attribute-matrix.json fila 9","Medir campo concreto y sus controles de NULL/omisión, fuente o derivación bajo authenticated; no inferir ausencia de funcionalidad.","29c385fe0ee501eb4b8b989b0a247c8fdeda62ad"
"atributo","Organization.status","PARCIAL","EVIDENCIA_PENDIENTE","No concrete non-null field value or measured read projection in this cut","HAC-40 / Cristhian","attribute-matrix.json fila 10","Medir campo concreto y sus controles de NULL/omisión, fuente o derivación bajo authenticated; no inferir ausencia de funcionalidad.","29c385fe0ee501eb4b8b989b0a247c8fdeda62ad"
"atributo","Organization.corporatePhone","PARCIAL","EVIDENCIA_PENDIENTE","No concrete non-null field value or measured read projection in this cut","HAC-40 / Cristhian","attribute-matrix.json fila 11","Medir campo concreto y sus controles de NULL/omisión, fuente o derivación bajo authenticated; no inferir ausencia de funcionalidad.","29c385fe0ee501eb4b8b989b0a247c8fdeda62ad"
"atributo","FreightRequest.origin","PARCIAL","EVIDENCIA_PENDIENTE","Nullable physical column requires field-specific command proof","HAC-40 / Cristhian","attribute-matrix.json fila 20","Medir campo concreto y sus controles de NULL/omisión, fuente o derivación bajo authenticated; no inferir ausencia de funcionalidad.","29c385fe0ee501eb4b8b989b0a247c8fdeda62ad"
"atributo","FreightRequest.destination","PARCIAL","EVIDENCIA_PENDIENTE","Nullable physical column requires field-specific command proof","HAC-40 / Cristhian","attribute-matrix.json fila 21","Medir campo concreto y sus controles de NULL/omisión, fuente o derivación bajo authenticated; no inferir ausencia de funcionalidad.","29c385fe0ee501eb4b8b989b0a247c8fdeda62ad"
"atributo","FreightRequest.pickupWindow","PARCIAL","EVIDENCIA_PENDIENTE","Nullable physical column requires field-specific command proof","HAC-40 / Cristhian","attribute-matrix.json fila 22","Medir campo concreto y sus controles de NULL/omisión, fuente o derivación bajo authenticated; no inferir ausencia de funcionalidad.","29c385fe0ee501eb4b8b989b0a247c8fdeda62ad"
"atributo","FreightRequest.acceptedModes","PARCIAL","EVIDENCIA_PENDIENTE","Nullable physical column requires field-specific command proof","HAC-40 / Cristhian","attribute-matrix.json fila 24","Medir campo concreto y sus controles de NULL/omisión, fuente o derivación bajo authenticated; no inferir ausencia de funcionalidad.","29c385fe0ee501eb4b8b989b0a247c8fdeda62ad"
"atributo","FreightRequest.preferredEquipment","PARCIAL","EVIDENCIA_PENDIENTE","No concrete non-null field value or measured read projection in this cut","HAC-40 / Cristhian","attribute-matrix.json fila 30","Medir campo concreto y sus controles de NULL/omisión, fuente o derivación bajo authenticated; no inferir ausencia de funcionalidad.","29c385fe0ee501eb4b8b989b0a247c8fdeda62ad"
"atributo","FreightRequest.selectionObjective","PARCIAL","EVIDENCIA_PENDIENTE","No concrete non-null field value or measured read projection in this cut","HAC-40 / Cristhian","attribute-matrix.json fila 31","Medir campo concreto y sus controles de NULL/omisión, fuente o derivación bajo authenticated; no inferir ausencia de funcionalidad.","29c385fe0ee501eb4b8b989b0a247c8fdeda62ad"
"atributo","CargoUnit.unitsPerPackage","PARCIAL","EVIDENCIA_PENDIENTE","No concrete non-null field value or measured read projection in this cut","HAC-40 / Cristhian","attribute-matrix.json fila 48","Medir campo concreto y sus controles de NULL/omisión, fuente o derivación bajo authenticated; no inferir ausencia de funcionalidad.","29c385fe0ee501eb4b8b989b0a247c8fdeda62ad"
"atributo","Carrier.verifiedContact","PARCIAL","EVIDENCIA_PENDIENTE","No concrete non-null field value or measured read projection in this cut","HAC-40 / Cristhian","attribute-matrix.json fila 56","Medir campo concreto y sus controles de NULL/omisión, fuente o derivación bajo authenticated; no inferir ausencia de funcionalidad.","29c385fe0ee501eb4b8b989b0a247c8fdeda62ad"
"atributo","CarrierService.temperatureRange","PARCIAL","EVIDENCIA_PENDIENTE","No concrete non-null field value or measured read projection in this cut","HAC-40 / Cristhian","attribute-matrix.json fila 73","Medir campo concreto y sus controles de NULL/omisión, fuente o derivación bajo authenticated; no inferir ausencia de funcionalidad.","29c385fe0ee501eb4b8b989b0a247c8fdeda62ad"
"atributo","ResponseIntegration.verifiedAt","PARCIAL","EVIDENCIA_PENDIENTE","No concrete non-null field value or measured read projection in this cut","HAC-41 / Axel","attribute-matrix.json fila 82","Medir campo concreto y sus controles de NULL/omisión, fuente o derivación bajo authenticated; no inferir ausencia de funcionalidad.","29c385fe0ee501eb4b8b989b0a247c8fdeda62ad"
"atributo","ResponseIntegration.evidence","PARCIAL","EVIDENCIA_PENDIENTE","No concrete non-null field value or measured read projection in this cut","HAC-41 / Axel","attribute-matrix.json fila 84","Medir campo concreto y sus controles de NULL/omisión, fuente o derivación bajo authenticated; no inferir ausencia de funcionalidad.","29c385fe0ee501eb4b8b989b0a247c8fdeda62ad"
"atributo","CapacitySource.sourceId","PARCIAL","EVIDENCIA_PENDIENTE","Derived/scenario/container representation; exact field semantics not certified","HAC-40 / Cristhian","attribute-matrix.json fila 85","Medir campo concreto y sus controles de NULL/omisión, fuente o derivación bajo authenticated; no inferir ausencia de funcionalidad.","29c385fe0ee501eb4b8b989b0a247c8fdeda62ad"
"atributo","CapacitySource.provenance","PARCIAL","EVIDENCIA_PENDIENTE","Derived/scenario/container representation; exact field semantics not certified","HAC-40 / Cristhian","attribute-matrix.json fila 86","Medir campo concreto y sus controles de NULL/omisión, fuente o derivación bajo authenticated; no inferir ausencia de funcionalidad.","29c385fe0ee501eb4b8b989b0a247c8fdeda62ad"
"atributo","TransportAsset.usefulCapacityKg","PARCIAL","EVIDENCIA_PENDIENTE","Nullable physical column requires field-specific command proof","HAC-40 / Cristhian","attribute-matrix.json fila 90","Medir campo concreto y sus controles de NULL/omisión, fuente o derivación bajo authenticated; no inferir ausencia de funcionalidad.","29c385fe0ee501eb4b8b989b0a247c8fdeda62ad"
"atributo","RoadVehicle.plate","PARCIAL","EVIDENCIA_PENDIENTE","Nullable physical column requires field-specific command proof","HAC-40 / Cristhian","attribute-matrix.json fila 94","Medir campo concreto y sus controles de NULL/omisión, fuente o derivación bajo authenticated; no inferir ausencia de funcionalidad.","29c385fe0ee501eb4b8b989b0a247c8fdeda62ad"
"atributo","RoadVehicle.variant","PARCIAL","EVIDENCIA_PENDIENTE","No concrete non-null field value or measured read projection in this cut","HAC-40 / Cristhian","attribute-matrix.json fila 99","Medir campo concreto y sus controles de NULL/omisión, fuente o derivación bajo authenticated; no inferir ausencia de funcionalidad.","29c385fe0ee501eb4b8b989b0a247c8fdeda62ad"
"atributo","RoadVehicle.bodyType","PARCIAL","EVIDENCIA_PENDIENTE","Nullable physical column requires field-specific command proof","HAC-40 / Cristhian","attribute-matrix.json fila 100","Medir campo concreto y sus controles de NULL/omisión, fuente o derivación bajo authenticated; no inferir ausencia de funcionalidad.","29c385fe0ee501eb4b8b989b0a247c8fdeda62ad"
"atributo","RoadVehicle.conditionReason","PARCIAL","EVIDENCIA_PENDIENTE","No concrete non-null field value or measured read projection in this cut","HAC-40 / Cristhian","attribute-matrix.json fila 104","Medir campo concreto y sus controles de NULL/omisión, fuente o derivación bajo authenticated; no inferir ausencia de funcionalidad.","29c385fe0ee501eb4b8b989b0a247c8fdeda62ad"
"atributo","CapacityPool.mode","PARCIAL","EVIDENCIA_PENDIENTE","Nullable physical column requires field-specific command proof","HAC-40 / Cristhian","attribute-matrix.json fila 106","Medir campo concreto y sus controles de NULL/omisión, fuente o derivación bajo authenticated; no inferir ausencia de funcionalidad.","29c385fe0ee501eb4b8b989b0a247c8fdeda62ad"
"atributo","CapacityPool.partner","PARCIAL","EVIDENCIA_PENDIENTE","Nullable physical column requires field-specific command proof","HAC-40 / Cristhian","attribute-matrix.json fila 109","Medir campo concreto y sus controles de NULL/omisión, fuente o derivación bajo authenticated; no inferir ausencia de funcionalidad.","29c385fe0ee501eb4b8b989b0a247c8fdeda62ad"
"atributo","CapacityPool.evidence","PARCIAL","EVIDENCIA_PENDIENTE","Nullable physical column requires field-specific command proof","HAC-40 / Cristhian","attribute-matrix.json fila 110","Medir campo concreto y sus controles de NULL/omisión, fuente o derivación bajo authenticated; no inferir ausencia de funcionalidad.","29c385fe0ee501eb4b8b989b0a247c8fdeda62ad"
"atributo","CapacityCalendar.timezone","PARCIAL","EVIDENCIA_PENDIENTE","Nullable physical column requires field-specific command proof","HAC-40 / Cristhian","attribute-matrix.json fila 111","Medir campo concreto y sus controles de NULL/omisión, fuente o derivación bajo authenticated; no inferir ausencia de funcionalidad.","29c385fe0ee501eb4b8b989b0a247c8fdeda62ad"
"atributo","CapacityCalendar.source","PARCIAL","EVIDENCIA_PENDIENTE","Nullable physical column requires field-specific command proof","HAC-40 / Cristhian","attribute-matrix.json fila 113","Medir campo concreto y sus controles de NULL/omisión, fuente o derivación bajo authenticated; no inferir ausencia de funcionalidad.","29c385fe0ee501eb4b8b989b0a247c8fdeda62ad"
"atributo","CapacityCalendar.freshness","PARCIAL","EVIDENCIA_PENDIENTE","Nullable physical column requires field-specific command proof","HAC-40 / Cristhian","attribute-matrix.json fila 115","Medir campo concreto y sus controles de NULL/omisión, fuente o derivación bajo authenticated; no inferir ausencia de funcionalidad.","29c385fe0ee501eb4b8b989b0a247c8fdeda62ad"
"atributo","CapacityReservation.committedCapacity","PARCIAL","EVIDENCIA_PENDIENTE","Nullable physical column requires field-specific command proof","HAC-40 / Cristhian","attribute-matrix.json fila 117","Medir campo concreto y sus controles de NULL/omisión, fuente o derivación bajo authenticated; no inferir ausencia de funcionalidad.","29c385fe0ee501eb4b8b989b0a247c8fdeda62ad"
"atributo","CapacityReservation.reference","PARCIAL","EVIDENCIA_PENDIENTE","Nullable physical column requires field-specific command proof","HAC-40 / Cristhian","attribute-matrix.json fila 119","Medir campo concreto y sus controles de NULL/omisión, fuente o derivación bajo authenticated; no inferir ausencia de funcionalidad.","29c385fe0ee501eb4b8b989b0a247c8fdeda62ad"
"atributo","CapacityReservation.source","PARCIAL","EVIDENCIA_PENDIENTE","Nullable physical column requires field-specific command proof","HAC-40 / Cristhian","attribute-matrix.json fila 120","Medir campo concreto y sus controles de NULL/omisión, fuente o derivación bajo authenticated; no inferir ausencia de funcionalidad.","29c385fe0ee501eb4b8b989b0a247c8fdeda62ad"
"atributo","ScheduledMaintenance.kind","PARCIAL","EVIDENCIA_PENDIENTE","Nullable physical column requires field-specific command proof","HAC-40 / Cristhian","attribute-matrix.json fila 124","Medir campo concreto y sus controles de NULL/omisión, fuente o derivación bajo authenticated; no inferir ausencia de funcionalidad.","29c385fe0ee501eb4b8b989b0a247c8fdeda62ad"
"atributo","ScheduledMaintenance.source","PARCIAL","EVIDENCIA_PENDIENTE","Nullable physical column requires field-specific command proof","HAC-40 / Cristhian","attribute-matrix.json fila 126","Medir campo concreto y sus controles de NULL/omisión, fuente o derivación bajo authenticated; no inferir ausencia de funcionalidad.","29c385fe0ee501eb4b8b989b0a247c8fdeda62ad"
"atributo","Driver.portalAccount","PARCIAL","EVIDENCIA_PENDIENTE","No concrete non-null field value or measured read projection in this cut","HAC-40 / Cristhian","attribute-matrix.json fila 129","Medir campo concreto y sus controles de NULL/omisión, fuente o derivación bajo authenticated; no inferir ausencia de funcionalidad.","29c385fe0ee501eb4b8b989b0a247c8fdeda62ad"
"atributo","AssetStatusEvent.at","PARCIAL","EVIDENCIA_PENDIENTE","No concrete non-null field value or measured read projection in this cut","HAC-40 / Cristhian","attribute-matrix.json fila 143","Medir campo concreto y sus controles de NULL/omisión, fuente o derivación bajo authenticated; no inferir ausencia de funcionalidad.","29c385fe0ee501eb4b8b989b0a247c8fdeda62ad"
"atributo","AssetStatusEvent.previous","PARCIAL","EVIDENCIA_PENDIENTE","No concrete non-null field value or measured read projection in this cut","HAC-40 / Cristhian","attribute-matrix.json fila 144","Medir campo concreto y sus controles de NULL/omisión, fuente o derivación bajo authenticated; no inferir ausencia de funcionalidad.","29c385fe0ee501eb4b8b989b0a247c8fdeda62ad"
"atributo","AssetStatusEvent.next","PARCIAL","EVIDENCIA_PENDIENTE","No concrete non-null field value or measured read projection in this cut","HAC-40 / Cristhian","attribute-matrix.json fila 145","Medir campo concreto y sus controles de NULL/omisión, fuente o derivación bajo authenticated; no inferir ausencia de funcionalidad.","29c385fe0ee501eb4b8b989b0a247c8fdeda62ad"
"atributo","AssetStatusEvent.reason","PARCIAL","EVIDENCIA_PENDIENTE","No concrete non-null field value or measured read projection in this cut","HAC-40 / Cristhian","attribute-matrix.json fila 146","Medir campo concreto y sus controles de NULL/omisión, fuente o derivación bajo authenticated; no inferir ausencia de funcionalidad.","29c385fe0ee501eb4b8b989b0a247c8fdeda62ad"
"atributo","AssetStatusEvent.evidence","PARCIAL","EVIDENCIA_PENDIENTE","No concrete non-null field value or measured read projection in this cut","HAC-40 / Cristhian","attribute-matrix.json fila 147","Medir campo concreto y sus controles de NULL/omisión, fuente o derivación bajo authenticated; no inferir ausencia de funcionalidad.","29c385fe0ee501eb4b8b989b0a247c8fdeda62ad"
"atributo","RoutePlan.estimatedTolls","PARCIAL","EVIDENCIA_PENDIENTE","No concrete non-null field value or measured read projection in this cut","HAC-40 / Cristhian","attribute-matrix.json fila 154","Medir campo concreto y sus controles de NULL/omisión, fuente o derivación bajo authenticated; no inferir ausencia de funcionalidad.","29c385fe0ee501eb4b8b989b0a247c8fdeda62ad"
"atributo","RoutePlan.borderCostEstimate","PARCIAL","EVIDENCIA_PENDIENTE","No concrete non-null field value or measured read projection in this cut","HAC-40 / Cristhian","attribute-matrix.json fila 155","Medir campo concreto y sus controles de NULL/omisión, fuente o derivación bajo authenticated; no inferir ausencia de funcionalidad.","29c385fe0ee501eb4b8b989b0a247c8fdeda62ad"
"atributo","RouteLeg.borderRequirements","PARCIAL","EVIDENCIA_PENDIENTE","No concrete non-null field value or measured read projection in this cut","HAC-40 / Cristhian","attribute-matrix.json fila 160","Medir campo concreto y sus controles de NULL/omisión, fuente o derivación bajo authenticated; no inferir ausencia de funcionalidad.","29c385fe0ee501eb4b8b989b0a247c8fdeda62ad"
"atributo","RoutePlanningPolicy.constraints","PARCIAL","EVIDENCIA_PENDIENTE","No concrete non-null field value or measured read projection in this cut","HAC-40 / Cristhian","attribute-matrix.json fila 176","Medir campo concreto y sus controles de NULL/omisión, fuente o derivación bajo authenticated; no inferir ausencia de funcionalidad.","29c385fe0ee501eb4b8b989b0a247c8fdeda62ad"
"atributo","TransportPlanCandidate.pendingRequirements","PARCIAL","EVIDENCIA_PENDIENTE","No concrete non-null field value or measured read projection in this cut","HAC-40 / Cristhian","attribute-matrix.json fila 182","Medir campo concreto y sus controles de NULL/omisión, fuente o derivación bajo authenticated; no inferir ausencia de funcionalidad.","29c385fe0ee501eb4b8b989b0a247c8fdeda62ad"
"atributo","TransportPlanCandidate.exclusionReasons","PARCIAL","EVIDENCIA_PENDIENTE","No concrete non-null field value or measured read projection in this cut","HAC-40 / Cristhian","attribute-matrix.json fila 183","Medir campo concreto y sus controles de NULL/omisión, fuente o derivación bajo authenticated; no inferir ausencia de funcionalidad.","29c385fe0ee501eb4b8b989b0a247c8fdeda62ad"
"atributo","CarrierOffer.estimatedPickupAt","PARCIAL","EVIDENCIA_PENDIENTE","No concrete non-null field value or measured read projection in this cut","HAC-40 / Cristhian","attribute-matrix.json fila 205","Medir campo concreto y sus controles de NULL/omisión, fuente o derivación bajo authenticated; no inferir ausencia de funcionalidad.","29c385fe0ee501eb4b8b989b0a247c8fdeda62ad"
"atributo","CarrierOffer.estimatedDeliveryAt","PARCIAL","EVIDENCIA_PENDIENTE","No concrete non-null field value or measured read projection in this cut","HAC-40 / Cristhian","attribute-matrix.json fila 206","Medir campo concreto y sus controles de NULL/omisión, fuente o derivación bajo authenticated; no inferir ausencia de funcionalidad.","29c385fe0ee501eb4b8b989b0a247c8fdeda62ad"
"atributo","CarrierOffer.commercialTerms","PARCIAL","EVIDENCIA_PENDIENTE","No concrete non-null field value or measured read projection in this cut","HAC-40 / Cristhian","attribute-matrix.json fila 209","Medir campo concreto y sus controles de NULL/omisión, fuente o derivación bajo authenticated; no inferir ausencia de funcionalidad.","29c385fe0ee501eb4b8b989b0a247c8fdeda62ad"
"atributo","CarrierOffer.supersedesOfferId","PARCIAL","EVIDENCIA_PENDIENTE","No concrete non-null field value or measured read projection in this cut","HAC-40 / Cristhian","attribute-matrix.json fila 212","Medir campo concreto y sus controles de NULL/omisión, fuente o derivación bajo authenticated; no inferir ausencia de funcionalidad.","29c385fe0ee501eb4b8b989b0a247c8fdeda62ad"
"atributo","CarrierOffer.requestId","PARCIAL","EVIDENCIA_PENDIENTE","Nullable physical column requires field-specific command proof","HAC-40 / Cristhian","attribute-matrix.json fila 213","Medir campo concreto y sus controles de NULL/omisión, fuente o derivación bajo authenticated; no inferir ausencia de funcionalidad.","29c385fe0ee501eb4b8b989b0a247c8fdeda62ad"
"atributo","CarrierOffer.opportunityId","PARCIAL","EVIDENCIA_PENDIENTE","Nullable physical column requires field-specific command proof","HAC-40 / Cristhian","attribute-matrix.json fila 215","Medir campo concreto y sus controles de NULL/omisión, fuente o derivación bajo authenticated; no inferir ausencia de funcionalidad.","29c385fe0ee501eb4b8b989b0a247c8fdeda62ad"
"atributo","CarrierOffer.carrierId","PARCIAL","EVIDENCIA_PENDIENTE","Nullable physical column requires field-specific command proof","HAC-40 / Cristhian","attribute-matrix.json fila 216","Medir campo concreto y sus controles de NULL/omisión, fuente o derivación bajo authenticated; no inferir ausencia de funcionalidad.","29c385fe0ee501eb4b8b989b0a247c8fdeda62ad"
"atributo","RankedOption.position","PARCIAL","EVIDENCIA_PENDIENTE","Nullable physical column requires field-specific command proof","HAC-40 / Cristhian","attribute-matrix.json fila 219","Medir campo concreto y sus controles de NULL/omisión, fuente o derivación bajo authenticated; no inferir ausencia de funcionalidad.","29c385fe0ee501eb4b8b989b0a247c8fdeda62ad"
"atributo","RankedOption.missingData","PARCIAL","EVIDENCIA_PENDIENTE","No concrete non-null field value or measured read projection in this cut","HAC-40 / Cristhian","attribute-matrix.json fila 222","Medir campo concreto y sus controles de NULL/omisión, fuente o derivación bajo authenticated; no inferir ausencia de funcionalidad.","29c385fe0ee501eb4b8b989b0a247c8fdeda62ad"
"atributo","Booking.carrierReference","PARCIAL","EVIDENCIA_PENDIENTE","No concrete non-null field value or measured read projection in this cut","HAC-40 / Cristhian","attribute-matrix.json fila 229","Medir campo concreto y sus controles de NULL/omisión, fuente o derivación bajo authenticated; no inferir ausencia de funcionalidad.","29c385fe0ee501eb4b8b989b0a247c8fdeda62ad"
"atributo","Booking.confirmedAt","PARCIAL","EVIDENCIA_PENDIENTE","No concrete non-null field value or measured read projection in this cut","HAC-40 / Cristhian","attribute-matrix.json fila 230","Medir campo concreto y sus controles de NULL/omisión, fuente o derivación bajo authenticated; no inferir ausencia de funcionalidad.","29c385fe0ee501eb4b8b989b0a247c8fdeda62ad"
"atributo","Booking.capacityEvidence","PARCIAL","EVIDENCIA_PENDIENTE","No concrete non-null field value or measured read projection in this cut","HAC-40 / Cristhian","attribute-matrix.json fila 236","Medir campo concreto y sus controles de NULL/omisión, fuente o derivación bajo authenticated; no inferir ausencia de funcionalidad.","29c385fe0ee501eb4b8b989b0a247c8fdeda62ad"
"atributo","TransportExecution.actualStartedAt","PARCIAL","EVIDENCIA_PENDIENTE","No concrete non-null field value or measured read projection in this cut","HAC-40 / Cristhian","attribute-matrix.json fila 240","Medir campo concreto y sus controles de NULL/omisión, fuente o derivación bajo authenticated; no inferir ausencia de funcionalidad.","29c385fe0ee501eb4b8b989b0a247c8fdeda62ad"
"atributo","TransportExecution.actualCompletedAt","PARCIAL","EVIDENCIA_PENDIENTE","No concrete non-null field value or measured read projection in this cut","HAC-40 / Cristhian","attribute-matrix.json fila 241","Medir campo concreto y sus controles de NULL/omisión, fuente o derivación bajo authenticated; no inferir ausencia de funcionalidad.","29c385fe0ee501eb4b8b989b0a247c8fdeda62ad"
"atributo","TransportExecution.lastKnownPosition","PARCIAL","EVIDENCIA_PENDIENTE","No concrete non-null field value or measured read projection in this cut","HAC-40 / Cristhian","attribute-matrix.json fila 242","Medir campo concreto y sus controles de NULL/omisión, fuente o derivación bajo authenticated; no inferir ausencia de funcionalidad.","29c385fe0ee501eb4b8b989b0a247c8fdeda62ad"
"atributo","IncidentUpdate.at","PARCIAL","EVIDENCIA_PENDIENTE","No concrete non-null field value or measured read projection in this cut","HAC-40 / Cristhian","attribute-matrix.json fila 252","Medir campo concreto y sus controles de NULL/omisión, fuente o derivación bajo authenticated; no inferir ausencia de funcionalidad.","29c385fe0ee501eb4b8b989b0a247c8fdeda62ad"
"atributo","IncidentUpdate.actor","PARCIAL","EVIDENCIA_PENDIENTE","No concrete non-null field value or measured read projection in this cut","HAC-40 / Cristhian","attribute-matrix.json fila 253","Medir campo concreto y sus controles de NULL/omisión, fuente o derivación bajo authenticated; no inferir ausencia de funcionalidad.","29c385fe0ee501eb4b8b989b0a247c8fdeda62ad"
"atributo","IncidentUpdate.action","PARCIAL","EVIDENCIA_PENDIENTE","No concrete non-null field value or measured read projection in this cut","HAC-40 / Cristhian","attribute-matrix.json fila 254","Medir campo concreto y sus controles de NULL/omisión, fuente o derivación bajo authenticated; no inferir ausencia de funcionalidad.","29c385fe0ee501eb4b8b989b0a247c8fdeda62ad"
"atributo","IncidentUpdate.note","PARCIAL","EVIDENCIA_PENDIENTE","No concrete non-null field value or measured read projection in this cut","HAC-40 / Cristhian","attribute-matrix.json fila 255","Medir campo concreto y sus controles de NULL/omisión, fuente o derivación bajo authenticated; no inferir ausencia de funcionalidad.","29c385fe0ee501eb4b8b989b0a247c8fdeda62ad"
"atributo","IncidentUpdate.evidence","PARCIAL","EVIDENCIA_PENDIENTE","No concrete non-null field value or measured read projection in this cut","HAC-40 / Cristhian","attribute-matrix.json fila 256","Medir campo concreto y sus controles de NULL/omisión, fuente o derivación bajo authenticated; no inferir ausencia de funcionalidad.","29c385fe0ee501eb4b8b989b0a247c8fdeda62ad"
"atributo","RouteCorridor.restrictions","PARCIAL","EVIDENCIA_PENDIENTE","No concrete non-null field value or measured read projection in this cut","HAC-40 / Cristhian","attribute-matrix.json fila 268","Medir campo concreto y sus controles de NULL/omisión, fuente o derivación bajo authenticated; no inferir ausencia de funcionalidad.","29c385fe0ee501eb4b8b989b0a247c8fdeda62ad"
"atributo","LoadAllocation.handlingRequirements","PARCIAL","EVIDENCIA_PENDIENTE","No concrete non-null field value or measured read projection in this cut","HAC-40 / Cristhian","attribute-matrix.json fila 286","Medir campo concreto y sus controles de NULL/omisión, fuente o derivación bajo authenticated; no inferir ausencia de funcionalidad.","29c385fe0ee501eb4b8b989b0a247c8fdeda62ad"
"atributo","McpAccountLink.provider","DIVERGENTE","DOCUMENTACION_DESACTUALIZADA","UML verificado vs lectura de historia legacy nullable; acceso MCP exige verificación actual.","HAC-41 / Axel","attribute-matrix.json fila 298","Reconciliar el modelo con historia legacy y conservar el rechazo de acceso no verificado.","29c385fe0ee501eb4b8b989b0a247c8fdeda62ad"
"atributo","McpAccountLink.externalSubjectRef","DIVERGENTE","DOCUMENTACION_DESACTUALIZADA","UML verificado vs lectura de historia legacy nullable; acceso MCP exige verificación actual.","HAC-41 / Axel","attribute-matrix.json fila 299","Reconciliar el modelo con historia legacy y conservar el rechazo de acceso no verificado.","29c385fe0ee501eb4b8b989b0a247c8fdeda62ad"
"atributo","McpAccountLink.verifiedAt","DIVERGENTE","DOCUMENTACION_DESACTUALIZADA","UML verificado vs lectura de historia legacy nullable; acceso MCP exige verificación actual.","HAC-41 / Axel","attribute-matrix.json fila 301","Reconciliar el modelo con historia legacy y conservar el rechazo de acceso no verificado.","29c385fe0ee501eb4b8b989b0a247c8fdeda62ad"
"atributo","McpAccountLink.revokedAt","PARCIAL","EVIDENCIA_PENDIENTE","No concrete non-null field value or measured read projection in this cut","HAC-41 / Axel","attribute-matrix.json fila 302","Medir campo concreto y sus controles de NULL/omisión, fuente o derivación bajo authenticated; no inferir ausencia de funcionalidad.","29c385fe0ee501eb4b8b989b0a247c8fdeda62ad"
"atributo","RepositioningBlock.origin","PARCIAL","EVIDENCIA_PENDIENTE","Nullable physical column requires field-specific command proof","HAC-40 / Cristhian","attribute-matrix.json fila 305","Medir campo concreto y sus controles de NULL/omisión, fuente o derivación bajo authenticated; no inferir ausencia de funcionalidad.","29c385fe0ee501eb4b8b989b0a247c8fdeda62ad"
"atributo","RepositioningBlock.nextPickup","PARCIAL","EVIDENCIA_PENDIENTE","Nullable physical column requires field-specific command proof","HAC-40 / Cristhian","attribute-matrix.json fila 306","Medir campo concreto y sus controles de NULL/omisión, fuente o derivación bajo authenticated; no inferir ausencia de funcionalidad.","29c385fe0ee501eb4b8b989b0a247c8fdeda62ad"
"atributo","RepositioningBlock.estimatedTravel","PARCIAL","EVIDENCIA_PENDIENTE","Nullable physical column requires field-specific command proof","HAC-40 / Cristhian","attribute-matrix.json fila 307","Medir campo concreto y sus controles de NULL/omisión, fuente o derivación bajo authenticated; no inferir ausencia de funcionalidad.","29c385fe0ee501eb4b8b989b0a247c8fdeda62ad"
"atributo","RepositioningBlock.source","PARCIAL","EVIDENCIA_PENDIENTE","Nullable physical column requires field-specific command proof","HAC-40 / Cristhian","attribute-matrix.json fila 309","Medir campo concreto y sus controles de NULL/omisión, fuente o derivación bajo authenticated; no inferir ausencia de funcionalidad.","29c385fe0ee501eb4b8b989b0a247c8fdeda62ad"
"atributo","OrganizationPreferences.validUntil","PARCIAL","EVIDENCIA_PENDIENTE","No concrete non-null field value or measured read projection in this cut","HAC-40 / Cristhian","attribute-matrix.json fila 315","Medir campo concreto y sus controles de NULL/omisión, fuente o derivación bajo authenticated; no inferir ausencia de funcionalidad.","29c385fe0ee501eb4b8b989b0a247c8fdeda62ad"
"atributo","FulfilmentPartner.partnerCarrierRef","PARCIAL","EVIDENCIA_PENDIENTE","No concrete non-null field value or measured read projection in this cut","HAC-40 / Cristhian","attribute-matrix.json fila 341","Medir campo concreto y sus controles de NULL/omisión, fuente o derivación bajo authenticated; no inferir ausencia de funcionalidad.","29c385fe0ee501eb4b8b989b0a247c8fdeda62ad"
"atributo","PlanLegAssignment.evidence","PARCIAL","EVIDENCIA_PENDIENTE","No concrete non-null field value or measured read projection in this cut","HAC-40 / Cristhian","attribute-matrix.json fila 352","Medir campo concreto y sus controles de NULL/omisión, fuente o derivación bajo authenticated; no inferir ausencia de funcionalidad.","29c385fe0ee501eb4b8b989b0a247c8fdeda62ad"
"atributo","OfferCostComponent.details","PARCIAL","EVIDENCIA_PENDIENTE","No concrete non-null field value or measured read projection in this cut","HAC-40 / Cristhian","attribute-matrix.json fila 359","Medir campo concreto y sus controles de NULL/omisión, fuente o derivación bajo authenticated; no inferir ausencia de funcionalidad.","29c385fe0ee501eb4b8b989b0a247c8fdeda62ad"
"atributo","ShipmentContact.role","PARCIAL","EVIDENCIA_PENDIENTE","Derived/scenario/container representation; exact field semantics not certified","HAC-40 / Cristhian","attribute-matrix.json fila 360","Medir campo concreto y sus controles de NULL/omisión, fuente o derivación bajo authenticated; no inferir ausencia de funcionalidad.","29c385fe0ee501eb4b8b989b0a247c8fdeda62ad"
"atributo","ShipmentContact.company","PARCIAL","EVIDENCIA_PENDIENTE","No concrete non-null field value or measured read projection in this cut","HAC-40 / Cristhian","attribute-matrix.json fila 362","Medir campo concreto y sus controles de NULL/omisión, fuente o derivación bajo authenticated; no inferir ausencia de funcionalidad.","29c385fe0ee501eb4b8b989b0a247c8fdeda62ad"
"atributo","ShipmentContact.addressDetail","PARCIAL","EVIDENCIA_PENDIENTE","No concrete non-null field value or measured read projection in this cut","HAC-40 / Cristhian","attribute-matrix.json fila 365","Medir campo concreto y sus controles de NULL/omisión, fuente o derivación bajo authenticated; no inferir ausencia de funcionalidad.","29c385fe0ee501eb4b8b989b0a247c8fdeda62ad"
"atributo","ShipmentContact.handlingInstructions","PARCIAL","EVIDENCIA_PENDIENTE","No concrete non-null field value or measured read projection in this cut","HAC-40 / Cristhian","attribute-matrix.json fila 366","Medir campo concreto y sus controles de NULL/omisión, fuente o derivación bajo authenticated; no inferir ausencia de funcionalidad.","29c385fe0ee501eb4b8b989b0a247c8fdeda62ad"
"atributo","CarrierOperator.phone","PARCIAL","EVIDENCIA_PENDIENTE","No concrete non-null field value or measured read projection in this cut","HAC-41 / Axel","attribute-matrix.json fila 371","Medir campo concreto y sus controles de NULL/omisión, fuente o derivación bajo authenticated; no inferir ausencia de funcionalidad.","29c385fe0ee501eb4b8b989b0a247c8fdeda62ad"
"atributo","AssetCargoCapability.requirements","PARCIAL","EVIDENCIA_PENDIENTE","No concrete non-null field value or measured read projection in this cut","HAC-40 / Cristhian","attribute-matrix.json fila 374","Medir campo concreto y sus controles de NULL/omisión, fuente o derivación bajo authenticated; no inferir ausencia de funcionalidad.","29c385fe0ee501eb4b8b989b0a247c8fdeda62ad"
"atributo","AssetCargoCapability.temperatureRange","PARCIAL","EVIDENCIA_PENDIENTE","No concrete non-null field value or measured read projection in this cut","HAC-40 / Cristhian","attribute-matrix.json fila 376","Medir campo concreto y sus controles de NULL/omisión, fuente o derivación bajo authenticated; no inferir ausencia de funcionalidad.","29c385fe0ee501eb4b8b989b0a247c8fdeda62ad"
"atributo","RouteSimulationScenario.id","PARCIAL","EVIDENCIA_PENDIENTE","Derived/scenario/container representation; exact field semantics not certified","HAC-40 / Cristhian","attribute-matrix.json fila 379","Medir campo concreto y sus controles de NULL/omisión, fuente o derivación bajo authenticated; no inferir ausencia de funcionalidad.","29c385fe0ee501eb4b8b989b0a247c8fdeda62ad"
"atributo","RouteSimulationScenario.label","PARCIAL","EVIDENCIA_PENDIENTE","Derived/scenario/container representation; exact field semantics not certified","HAC-40 / Cristhian","attribute-matrix.json fila 380","Medir campo concreto y sus controles de NULL/omisión, fuente o derivación bajo authenticated; no inferir ausencia de funcionalidad.","29c385fe0ee501eb4b8b989b0a247c8fdeda62ad"
"atributo","RouteSimulationScenario.seed","PARCIAL","EVIDENCIA_PENDIENTE","Derived/scenario/container representation; exact field semantics not certified","HAC-40 / Cristhian","attribute-matrix.json fila 381","Medir campo concreto y sus controles de NULL/omisión, fuente o derivación bajo authenticated; no inferir ausencia de funcionalidad.","29c385fe0ee501eb4b8b989b0a247c8fdeda62ad"
"atributo","RouteSimulationScenario.networkVersion","PARCIAL","EVIDENCIA_PENDIENTE","Derived/scenario/container representation; exact field semantics not certified","HAC-40 / Cristhian","attribute-matrix.json fila 382","Medir campo concreto y sus controles de NULL/omisión, fuente o derivación bajo authenticated; no inferir ausencia de funcionalidad.","29c385fe0ee501eb4b8b989b0a247c8fdeda62ad"
"atributo","RouteSimulationScenario.clock","PARCIAL","EVIDENCIA_PENDIENTE","Derived/scenario/container representation; exact field semantics not certified","HAC-40 / Cristhian","attribute-matrix.json fila 383","Medir campo concreto y sus controles de NULL/omisión, fuente o derivación bajo authenticated; no inferir ausencia de funcionalidad.","29c385fe0ee501eb4b8b989b0a247c8fdeda62ad"
"atributo","RouteSimulationScenario.source","PARCIAL","EVIDENCIA_PENDIENTE","Derived/scenario/container representation; exact field semantics not certified","HAC-40 / Cristhian","attribute-matrix.json fila 384","Medir campo concreto y sus controles de NULL/omisión, fuente o derivación bajo authenticated; no inferir ausencia de funcionalidad.","29c385fe0ee501eb4b8b989b0a247c8fdeda62ad"
"atributo","RouteSimulationScenario.expectedOutcome","PARCIAL","EVIDENCIA_PENDIENTE","Derived/scenario/container representation; exact field semantics not certified","HAC-40 / Cristhian","attribute-matrix.json fila 385","Medir campo concreto y sus controles de NULL/omisión, fuente o derivación bajo authenticated; no inferir ausencia de funcionalidad.","29c385fe0ee501eb4b8b989b0a247c8fdeda62ad"
"relacion","O3AsrRVXhiO8iDlZrkKS-152 Organization → FreightRequest","PARCIAL","EVIDENCIA_PENDIENTE","FK pairs PASS; dedicated minimum/maximum or representation semantics remain unproved","HAC-40 / Cristhian","relationship-matrix.json fila 2","Pares semánticos para mínimos/máximos, XOR, snapshot/JSON y fuentes/versiones; las FK solas no certifican esa semántica.","29c385fe0ee501eb4b8b989b0a247c8fdeda62ad"
"relacion","O3AsrRVXhiO8iDlZrkKS-161 FreightRequest → CargoSpecification","PARCIAL","EVIDENCIA_PENDIENTE","Missing independent compatible FK proof; no blanket semantic certification","HAC-40 / Cristhian","relationship-matrix.json fila 5","Pares semánticos para mínimos/máximos, XOR, snapshot/JSON y fuentes/versiones; las FK solas no certifican esa semántica.","29c385fe0ee501eb4b8b989b0a247c8fdeda62ad"
"relacion","O3AsrRVXhiO8iDlZrkKS-164 CargoSpecification → CargoUnit","PARCIAL","EVIDENCIA_PENDIENTE","Missing independent compatible FK proof; no blanket semantic certification","HAC-40 / Cristhian","relationship-matrix.json fila 6","Pares semánticos para mínimos/máximos, XOR, snapshot/JSON y fuentes/versiones; las FK solas no certifican esa semántica.","29c385fe0ee501eb4b8b989b0a247c8fdeda62ad"
"relacion","O3AsrRVXhiO8iDlZrkKS-176 CarrierService → ServiceLane","PARCIAL","EVIDENCIA_PENDIENTE","FK pairs PASS; dedicated minimum/maximum or representation semantics remain unproved","HAC-40 / Cristhian","relationship-matrix.json fila 10","Pares semánticos para mínimos/máximos, XOR, snapshot/JSON y fuentes/versiones; las FK solas no certifican esa semántica.","29c385fe0ee501eb4b8b989b0a247c8fdeda62ad"
"relacion","O3AsrRVXhiO8iDlZrkKS-188 Carrier → TransportAsset","PARCIAL","EVIDENCIA_PENDIENTE","FK pairs PASS; dedicated minimum/maximum or representation semantics remain unproved","HAC-40 / Cristhian","relationship-matrix.json fila 14","Pares semánticos para mínimos/máximos, XOR, snapshot/JSON y fuentes/versiones; las FK solas no certifican esa semántica.","29c385fe0ee501eb4b8b989b0a247c8fdeda62ad"
"relacion","O3AsrRVXhiO8iDlZrkKS-194 RoadVehicle → TransportAsset","PARCIAL","EVIDENCIA_PENDIENTE","Missing independent compatible FK proof; no blanket semantic certification","HAC-40 / Cristhian","relationship-matrix.json fila 16","Pares semánticos para mínimos/máximos, XOR, snapshot/JSON y fuentes/versiones; las FK solas no certifican esa semántica.","29c385fe0ee501eb4b8b989b0a247c8fdeda62ad"
"relacion","O3AsrRVXhiO8iDlZrkKS-195 TransportAsset → CapacitySource","PARCIAL","EVIDENCIA_PENDIENTE","Missing independent compatible FK proof; no blanket semantic certification","HAC-40 / Cristhian","relationship-matrix.json fila 17","Pares semánticos para mínimos/máximos, XOR, snapshot/JSON y fuentes/versiones; las FK solas no certifican esa semántica.","29c385fe0ee501eb4b8b989b0a247c8fdeda62ad"
"relacion","O3AsrRVXhiO8iDlZrkKS-196 CapacityPool → CapacitySource","PARCIAL","EVIDENCIA_PENDIENTE","Missing independent compatible FK proof; no blanket semantic certification","HAC-40 / Cristhian","relationship-matrix.json fila 18","Pares semánticos para mínimos/máximos, XOR, snapshot/JSON y fuentes/versiones; las FK solas no certifican esa semántica.","29c385fe0ee501eb4b8b989b0a247c8fdeda62ad"
"relacion","O3AsrRVXhiO8iDlZrkKS-197 CarrierService → CapacityPool","PARCIAL","EVIDENCIA_PENDIENTE","FK pairs PASS; dedicated minimum/maximum or representation semantics remain unproved","HAC-40 / Cristhian","relationship-matrix.json fila 19","Pares semánticos para mínimos/máximos, XOR, snapshot/JSON y fuentes/versiones; las FK solas no certifican esa semántica.","29c385fe0ee501eb4b8b989b0a247c8fdeda62ad"
"relacion","O3AsrRVXhiO8iDlZrkKS-200 CapacitySource → CapacityCalendar","PARCIAL","EVIDENCIA_PENDIENTE","Missing independent compatible FK proof; no blanket semantic certification","HAC-40 / Cristhian","relationship-matrix.json fila 20","Pares semánticos para mínimos/máximos, XOR, snapshot/JSON y fuentes/versiones; las FK solas no certifican esa semántica.","29c385fe0ee501eb4b8b989b0a247c8fdeda62ad"
"relacion","O3AsrRVXhiO8iDlZrkKS-209 TransportAsset → AssetStatusEvent","PARCIAL","EVIDENCIA_PENDIENTE","Missing independent compatible FK proof; no blanket semantic certification","HAC-40 / Cristhian","relationship-matrix.json fila 23","Pares semánticos para mínimos/máximos, XOR, snapshot/JSON y fuentes/versiones; las FK solas no certifican esa semántica.","29c385fe0ee501eb4b8b989b0a247c8fdeda62ad"
"relacion","O3AsrRVXhiO8iDlZrkKS-212 Carrier → Driver","PARCIAL","EVIDENCIA_PENDIENTE","FK pairs PASS; dedicated minimum/maximum or representation semantics remain unproved","HAC-40 / Cristhian","relationship-matrix.json fila 24","Pares semánticos para mínimos/máximos, XOR, snapshot/JSON y fuentes/versiones; las FK solas no certifican esa semántica.","29c385fe0ee501eb4b8b989b0a247c8fdeda62ad"
"relacion","O3AsrRVXhiO8iDlZrkKS-227 RoutePlan → RouteLeg","PARCIAL","EVIDENCIA_PENDIENTE","FK pairs PASS; dedicated minimum/maximum or representation semantics remain unproved","HAC-40 / Cristhian","relationship-matrix.json fila 29","Pares semánticos para mínimos/máximos, XOR, snapshot/JSON y fuentes/versiones; las FK solas no certifican esa semántica.","29c385fe0ee501eb4b8b989b0a247c8fdeda62ad"
"relacion","O3AsrRVXhiO8iDlZrkKS-233 RouteLeg → RouteCondition","PARCIAL","EVIDENCIA_PENDIENTE","Missing independent compatible FK proof; no blanket semantic certification","HAC-40 / Cristhian","relationship-matrix.json fila 31","Pares semánticos para mínimos/máximos, XOR, snapshot/JSON y fuentes/versiones; las FK solas no certifican esa semántica.","29c385fe0ee501eb4b8b989b0a247c8fdeda62ad"
"relacion","O3AsrRVXhiO8iDlZrkKS-239 TransportPlanCandidate → PlanResource","PARCIAL","EVIDENCIA_PENDIENTE","FK pairs PASS; dedicated minimum/maximum or representation semantics remain unproved","HAC-40 / Cristhian","relationship-matrix.json fila 33","Pares semánticos para mínimos/máximos, XOR, snapshot/JSON y fuentes/versiones; las FK solas no certifican esa semántica.","29c385fe0ee501eb4b8b989b0a247c8fdeda62ad"
"relacion","O3AsrRVXhiO8iDlZrkKS-242 TransportPlanCandidate → CarrierService","PARCIAL","EVIDENCIA_PENDIENTE","Missing independent compatible FK proof; no blanket semantic certification","HAC-40 / Cristhian","relationship-matrix.json fila 34","Pares semánticos para mínimos/máximos, XOR, snapshot/JSON y fuentes/versiones; las FK solas no certifican esa semántica.","29c385fe0ee501eb4b8b989b0a247c8fdeda62ad"
"relacion","O3AsrRVXhiO8iDlZrkKS-248 PlanResource → CapacitySource","PARCIAL","EVIDENCIA_PENDIENTE","Missing independent compatible FK proof; no blanket semantic certification","HAC-40 / Cristhian","relationship-matrix.json fila 36","Pares semánticos para mínimos/máximos, XOR, snapshot/JSON y fuentes/versiones; las FK solas no certifican esa semántica.","29c385fe0ee501eb4b8b989b0a247c8fdeda62ad"
"relacion","O3AsrRVXhiO8iDlZrkKS-251 TransportPlanCandidate → CarrierOpportunity","PARCIAL","EVIDENCIA_PENDIENTE","Missing independent compatible FK proof; no blanket semantic certification","HAC-40 / Cristhian","relationship-matrix.json fila 37","Pares semánticos para mínimos/máximos, XOR, snapshot/JSON y fuentes/versiones; las FK solas no certifican esa semántica.","29c385fe0ee501eb4b8b989b0a247c8fdeda62ad"
"relacion","O3AsrRVXhiO8iDlZrkKS-260 Carrier → CarrierOffer","PARCIAL","EVIDENCIA_PENDIENTE","FK pairs PASS; dedicated minimum/maximum or representation semantics remain unproved","HAC-40 / Cristhian","relationship-matrix.json fila 40","Pares semánticos para mínimos/máximos, XOR, snapshot/JSON y fuentes/versiones; las FK solas no certifican esa semántica.","29c385fe0ee501eb4b8b989b0a247c8fdeda62ad"
"relacion","O3AsrRVXhiO8iDlZrkKS-263 CarrierOffer → RankedOption","PARCIAL","EVIDENCIA_PENDIENTE","FK pairs PASS; dedicated minimum/maximum or representation semantics remain unproved","HAC-40 / Cristhian","relationship-matrix.json fila 41","Pares semánticos para mínimos/máximos, XOR, snapshot/JSON y fuentes/versiones; las FK solas no certifican esa semántica.","29c385fe0ee501eb4b8b989b0a247c8fdeda62ad"
"relacion","O3AsrRVXhiO8iDlZrkKS-266 ScoringPolicy → RankedOption","PARCIAL","EVIDENCIA_PENDIENTE","FK pairs PASS; dedicated minimum/maximum or representation semantics remain unproved","HAC-40 / Cristhian","relationship-matrix.json fila 42","Pares semánticos para mínimos/máximos, XOR, snapshot/JSON y fuentes/versiones; las FK solas no certifican esa semántica.","29c385fe0ee501eb4b8b989b0a247c8fdeda62ad"
"relacion","O3AsrRVXhiO8iDlZrkKS-287 OperationalIncident → RouteCondition","PARCIAL","EVIDENCIA_PENDIENTE","FK pairs PASS; dedicated minimum/maximum or representation semantics remain unproved","HAC-40 / Cristhian","relationship-matrix.json fila 49","Pares semánticos para mínimos/máximos, XOR, snapshot/JSON y fuentes/versiones; las FK solas no certifican esa semántica.","29c385fe0ee501eb4b8b989b0a247c8fdeda62ad"
"relacion","2hVugEQixPLE8ubNQINt-1 RouteCorridor → RouteLeg","PARCIAL","EVIDENCIA_PENDIENTE","FK pairs PASS; dedicated minimum/maximum or representation semantics remain unproved","HAC-40 / Cristhian","relationship-matrix.json fila 52","Pares semánticos para mínimos/máximos, XOR, snapshot/JSON y fuentes/versiones; las FK solas no certifican esa semántica.","29c385fe0ee501eb4b8b989b0a247c8fdeda62ad"
"relacion","u-VsSdGcmUxEkryfOKhH-1 CargoUnit → LoadAllocation","PARCIAL","EVIDENCIA_PENDIENTE","Missing independent compatible FK proof; no blanket semantic certification","HAC-40 / Cristhian","relationship-matrix.json fila 55","Pares semánticos para mínimos/máximos, XOR, snapshot/JSON y fuentes/versiones; las FK solas no certifican esa semántica.","29c385fe0ee501eb4b8b989b0a247c8fdeda62ad"
"relacion","g8S2DPwqzsmnHs3VKEzF-1 OrganizationMember → Organization","PARCIAL","EVIDENCIA_PENDIENTE","FK pairs PASS; dedicated minimum/maximum or representation semantics remain unproved","HAC-41 / Axel","relationship-matrix.json fila 57","Pares semánticos para mínimos/máximos, XOR, snapshot/JSON y fuentes/versiones; las FK solas no certifican esa semántica.","29c385fe0ee501eb4b8b989b0a247c8fdeda62ad"
"relacion","bR8ZHdLwjZc_sJT4jZ76-1 VehicleCombination → TransportAsset","PARCIAL","EVIDENCIA_PENDIENTE","Missing independent compatible FK proof; no blanket semantic certification","HAC-40 / Cristhian","relationship-matrix.json fila 63","Pares semánticos para mínimos/máximos, XOR, snapshot/JSON y fuentes/versiones; las FK solas no certifican esa semántica.","29c385fe0ee501eb4b8b989b0a247c8fdeda62ad"
"relacion","RGhOuhwsT8ZYOMnHYwK_-1 TransportPlanCandidate → PlanLegAssignment","PARCIAL","EVIDENCIA_PENDIENTE","FK pairs PASS; dedicated minimum/maximum or representation semantics remain unproved","HAC-40 / Cristhian","relationship-matrix.json fila 69","Pares semánticos para mínimos/máximos, XOR, snapshot/JSON y fuentes/versiones; las FK solas no certifican esa semántica.","29c385fe0ee501eb4b8b989b0a247c8fdeda62ad"
"relacion","fk9bowG78kA6Nmof4bi--1 PlanLegAssignment → PlanResource","PARCIAL","EVIDENCIA_PENDIENTE","Missing independent compatible FK proof; no blanket semantic certification","HAC-40 / Cristhian","relationship-matrix.json fila 70","Pares semánticos para mínimos/máximos, XOR, snapshot/JSON y fuentes/versiones; las FK solas no certifican esa semántica.","29c385fe0ee501eb4b8b989b0a247c8fdeda62ad"
"relacion","DK0aJlq7bGL-fGDcFSUt-1 CarrierOffer → PlanLegAssignment","PARCIAL","EVIDENCIA_PENDIENTE","Missing independent compatible FK proof; no blanket semantic certification","HAC-40 / Cristhian","relationship-matrix.json fila 72","Pares semánticos para mínimos/máximos, XOR, snapshot/JSON y fuentes/versiones; las FK solas no certifican esa semántica.","29c385fe0ee501eb4b8b989b0a247c8fdeda62ad"
"relacion","72KwxI-JqKkcPOP_kNa3-1 CarrierOffer → OfferCostComponent","PARCIAL","EVIDENCIA_PENDIENTE","Missing independent compatible FK proof; no blanket semantic certification","HAC-40 / Cristhian","relationship-matrix.json fila 73","Pares semánticos para mínimos/máximos, XOR, snapshot/JSON y fuentes/versiones; las FK solas no certifican esa semántica.","29c385fe0ee501eb4b8b989b0a247c8fdeda62ad"
"relacion","rg1mzH5NKyUcr1gneQok-1 FreightRequest → ShipmentContact","PARCIAL","EVIDENCIA_PENDIENTE","Missing independent compatible FK proof; no blanket semantic certification","HAC-40 / Cristhian","relationship-matrix.json fila 74","Pares semánticos para mínimos/máximos, XOR, snapshot/JSON y fuentes/versiones; las FK solas no certifican esa semántica.","29c385fe0ee501eb4b8b989b0a247c8fdeda62ad"
"relacion","zAdGsDxVq7Eb_sLkxGRV-1 CarrierOperator → CarrierOffer","PARCIAL","EVIDENCIA_PENDIENTE","Missing independent compatible FK proof; no blanket semantic certification","HAC-41 / Axel","relationship-matrix.json fila 75","Pares semánticos para mínimos/máximos, XOR, snapshot/JSON y fuentes/versiones; las FK solas no certifican esa semántica.","29c385fe0ee501eb4b8b989b0a247c8fdeda62ad"
"relacion","6Ioss1hAN_-tinRlzXcZ-1 AssetCargoCapability → TransportAsset","PARCIAL","EVIDENCIA_PENDIENTE","FK pairs PASS; dedicated minimum/maximum or representation semantics remain unproved","HAC-40 / Cristhian","relationship-matrix.json fila 77","Pares semánticos para mínimos/máximos, XOR, snapshot/JSON y fuentes/versiones; las FK solas no certifican esa semántica.","29c385fe0ee501eb4b8b989b0a247c8fdeda62ad"
"relacion","jSKYVkFkDFWJeImlZA73-5 RouteSimulationScenario → RouteCorridor","PARCIAL","EVIDENCIA_PENDIENTE","Missing independent compatible FK proof; no blanket semantic certification","HAC-40 / Cristhian","relationship-matrix.json fila 79","Pares semánticos para mínimos/máximos, XOR, snapshot/JSON y fuentes/versiones; las FK solas no certifican esa semántica.","29c385fe0ee501eb4b8b989b0a247c8fdeda62ad"
"relacion","jSKYVkFkDFWJeImlZA73-8 RouteSimulationScenario → RouteCondition","PARCIAL","EVIDENCIA_PENDIENTE","Missing independent compatible FK proof; no blanket semantic certification","HAC-40 / Cristhian","relationship-matrix.json fila 80","Pares semánticos para mínimos/máximos, XOR, snapshot/JSON y fuentes/versiones; las FK solas no certifican esa semántica.","29c385fe0ee501eb4b8b989b0a247c8fdeda62ad"
"relacion","WNCIiRomMXHDXtrxWMq--1 RoutePlanner → RoutePlan","PARCIAL","EVIDENCIA_PENDIENTE","Missing independent compatible FK proof; no blanket semantic certification","HAC-40 / Cristhian","relationship-matrix.json fila 81","Pares semánticos para mínimos/máximos, XOR, snapshot/JSON y fuentes/versiones; las FK solas no certifican esa semántica.","29c385fe0ee501eb4b8b989b0a247c8fdeda62ad"
"relacion","iFQi1_XGm5au44xV3qrT-1 RoutePlanner → RoutePlanningPolicy","PARCIAL","EVIDENCIA_PENDIENTE","Missing independent compatible FK proof; no blanket semantic certification","HAC-40 / Cristhian","relationship-matrix.json fila 82","Pares semánticos para mínimos/máximos, XOR, snapshot/JSON y fuentes/versiones; las FK solas no certifican esa semántica.","29c385fe0ee501eb4b8b989b0a247c8fdeda62ad"
"relacion","h7SgiR5XgM2d8XkbtD6E-1 RoutePlanner → RouteCorridor","PARCIAL","EVIDENCIA_PENDIENTE","Missing independent compatible FK proof; no blanket semantic certification","HAC-40 / Cristhian","relationship-matrix.json fila 83","Pares semánticos para mínimos/máximos, XOR, snapshot/JSON y fuentes/versiones; las FK solas no certifican esa semántica.","29c385fe0ee501eb4b8b989b0a247c8fdeda62ad"
"relacion","TTPNMglXCn0O7Q35afVn-1 SelectionDecision → Booking","PARCIAL","EVIDENCIA_PENDIENTE","FK pairs PASS; dedicated minimum/maximum or representation semantics remain unproved","HAC-40 / Cristhian","relationship-matrix.json fila 84","Pares semánticos para mínimos/máximos, XOR, snapshot/JSON y fuentes/versiones; las FK solas no certifican esa semántica.","29c385fe0ee501eb4b8b989b0a247c8fdeda62ad"
"relacion","Ftk5fUhrMQUH-lgMXdC8-1 CarrierOffer → SelectionDecision","PARCIAL","EVIDENCIA_PENDIENTE","FK pairs PASS; dedicated minimum/maximum or representation semantics remain unproved","HAC-40 / Cristhian","relationship-matrix.json fila 86","Pares semánticos para mínimos/máximos, XOR, snapshot/JSON y fuentes/versiones; las FK solas no certifican esa semántica.","29c385fe0ee501eb4b8b989b0a247c8fdeda62ad"
"relacion","cm-v2fix-3 FreightRequest → ShipmentContact","PARCIAL","EVIDENCIA_PENDIENTE","Missing independent compatible FK proof; no blanket semantic certification","HAC-40 / Cristhian","relationship-matrix.json fila 91","Pares semánticos para mínimos/máximos, XOR, snapshot/JSON y fuentes/versiones; las FK solas no certifican esa semántica.","29c385fe0ee501eb4b8b989b0a247c8fdeda62ad"
"relacion","cm-v2fix-8 CarrierOffer → CarrierService","PARCIAL","EVIDENCIA_PENDIENTE","Missing independent compatible FK proof; no blanket semantic certification","HAC-40 / Cristhian","relationship-matrix.json fila 92","Pares semánticos para mínimos/máximos, XOR, snapshot/JSON y fuentes/versiones; las FK solas no certifican esa semántica.","29c385fe0ee501eb4b8b989b0a247c8fdeda62ad"
"clase","Organization","PARCIAL","EVIDENCIA_PENDIENTE","Estado agregado; resolver evidencia de atributos, relaciones y métodos.","HAC-40 / Cristhian","class-matrix.json fila undefined","Resolver sus filas hijas y probar la semántica exacta de los métodos.","29c385fe0ee501eb4b8b989b0a247c8fdeda62ad"
"clase","Facility","PARCIAL","EVIDENCIA_PENDIENTE","Estado agregado; resolver evidencia de atributos, relaciones y métodos.","HAC-40 / Cristhian","class-matrix.json fila undefined","Resolver sus filas hijas y probar la semántica exacta de los métodos.","29c385fe0ee501eb4b8b989b0a247c8fdeda62ad"
"clase","FreightRequest","PARCIAL","EVIDENCIA_PENDIENTE","Estado agregado; resolver evidencia de atributos, relaciones y métodos.","HAC-40 / Cristhian","class-matrix.json fila undefined","Resolver sus filas hijas y probar la semántica exacta de los métodos.","29c385fe0ee501eb4b8b989b0a247c8fdeda62ad"
"clase","CargoSpecification","PARCIAL","EVIDENCIA_PENDIENTE","Estado agregado; resolver evidencia de atributos, relaciones y métodos.","HAC-40 / Cristhian","class-matrix.json fila undefined","Resolver sus filas hijas y probar la semántica exacta de los métodos.","29c385fe0ee501eb4b8b989b0a247c8fdeda62ad"
"clase","CargoUnit","PARCIAL","EVIDENCIA_PENDIENTE","Estado agregado; resolver evidencia de atributos, relaciones y métodos.","HAC-40 / Cristhian","class-matrix.json fila undefined","Resolver sus filas hijas y probar la semántica exacta de los métodos.","29c385fe0ee501eb4b8b989b0a247c8fdeda62ad"
"clase","Carrier","PARCIAL","EVIDENCIA_PENDIENTE","Estado agregado; resolver evidencia de atributos, relaciones y métodos.","HAC-40 / Cristhian","class-matrix.json fila undefined","Resolver sus filas hijas y probar la semántica exacta de los métodos.","29c385fe0ee501eb4b8b989b0a247c8fdeda62ad"
"clase","CarrierDepot","PARCIAL","EVIDENCIA_PENDIENTE","Estado agregado; resolver evidencia de atributos, relaciones y métodos.","HAC-40 / Cristhian","class-matrix.json fila undefined","Resolver sus filas hijas y probar la semántica exacta de los métodos.","29c385fe0ee501eb4b8b989b0a247c8fdeda62ad"
"clase","CarrierService","PARCIAL","EVIDENCIA_PENDIENTE","Estado agregado; resolver evidencia de atributos, relaciones y métodos.","HAC-40 / Cristhian","class-matrix.json fila undefined","Resolver sus filas hijas y probar la semántica exacta de los métodos.","29c385fe0ee501eb4b8b989b0a247c8fdeda62ad"
"clase","ServiceLane","PARCIAL","EVIDENCIA_PENDIENTE","Estado agregado; resolver evidencia de atributos, relaciones y métodos.","HAC-40 / Cristhian","class-matrix.json fila undefined","Resolver sus filas hijas y probar la semántica exacta de los métodos.","29c385fe0ee501eb4b8b989b0a247c8fdeda62ad"
"clase","ResponseIntegration","PARCIAL","EVIDENCIA_PENDIENTE","Estado agregado; resolver evidencia de atributos, relaciones y métodos.","HAC-40 / Cristhian","class-matrix.json fila undefined","Resolver sus filas hijas y probar la semántica exacta de los métodos.","29c385fe0ee501eb4b8b989b0a247c8fdeda62ad"
"clase","CapacitySource","PARCIAL","EVIDENCIA_PENDIENTE","Estado agregado; resolver evidencia de atributos, relaciones y métodos.","HAC-40 / Cristhian","class-matrix.json fila undefined","Resolver sus filas hijas y probar la semántica exacta de los métodos.","29c385fe0ee501eb4b8b989b0a247c8fdeda62ad"
"clase","TransportAsset","PARCIAL","EVIDENCIA_PENDIENTE","Estado agregado; resolver evidencia de atributos, relaciones y métodos.","HAC-40 / Cristhian","class-matrix.json fila undefined","Resolver sus filas hijas y probar la semántica exacta de los métodos.","29c385fe0ee501eb4b8b989b0a247c8fdeda62ad"
"clase","RoadVehicle","PARCIAL","EVIDENCIA_PENDIENTE","Estado agregado; resolver evidencia de atributos, relaciones y métodos.","HAC-40 / Cristhian","class-matrix.json fila undefined","Resolver sus filas hijas y probar la semántica exacta de los métodos.","29c385fe0ee501eb4b8b989b0a247c8fdeda62ad"
"clase","CapacityPool","PARCIAL","EVIDENCIA_PENDIENTE","Estado agregado; resolver evidencia de atributos, relaciones y métodos.","HAC-40 / Cristhian","class-matrix.json fila undefined","Resolver sus filas hijas y probar la semántica exacta de los métodos.","29c385fe0ee501eb4b8b989b0a247c8fdeda62ad"
"clase","CapacityCalendar","PARCIAL","EVIDENCIA_PENDIENTE","Estado agregado; resolver evidencia de atributos, relaciones y métodos.","HAC-40 / Cristhian","class-matrix.json fila undefined","Resolver sus filas hijas y probar la semántica exacta de los métodos.","29c385fe0ee501eb4b8b989b0a247c8fdeda62ad"
"clase","CapacityReservation","PARCIAL","EVIDENCIA_PENDIENTE","Estado agregado; resolver evidencia de atributos, relaciones y métodos.","HAC-40 / Cristhian","class-matrix.json fila undefined","Resolver sus filas hijas y probar la semántica exacta de los métodos.","29c385fe0ee501eb4b8b989b0a247c8fdeda62ad"
"clase","ScheduledMaintenance","PARCIAL","EVIDENCIA_PENDIENTE","Estado agregado; resolver evidencia de atributos, relaciones y métodos.","HAC-40 / Cristhian","class-matrix.json fila undefined","Resolver sus filas hijas y probar la semántica exacta de los métodos.","29c385fe0ee501eb4b8b989b0a247c8fdeda62ad"
"clase","Driver","PARCIAL","EVIDENCIA_PENDIENTE","Estado agregado; resolver evidencia de atributos, relaciones y métodos.","HAC-40 / Cristhian","class-matrix.json fila undefined","Resolver sus filas hijas y probar la semántica exacta de los métodos.","29c385fe0ee501eb4b8b989b0a247c8fdeda62ad"
"clase","VehicleAssignment","PARCIAL","EVIDENCIA_PENDIENTE","Estado agregado; resolver evidencia de atributos, relaciones y métodos.","HAC-40 / Cristhian","class-matrix.json fila undefined","Resolver sus filas hijas y probar la semántica exacta de los métodos.","29c385fe0ee501eb4b8b989b0a247c8fdeda62ad"
"clase","AssetStatusEvent","PARCIAL","EVIDENCIA_PENDIENTE","Estado agregado; resolver evidencia de atributos, relaciones y métodos.","HAC-40 / Cristhian","class-matrix.json fila undefined","Resolver sus filas hijas y probar la semántica exacta de los métodos.","29c385fe0ee501eb4b8b989b0a247c8fdeda62ad"
"clase","RoutePlan","PARCIAL","EVIDENCIA_PENDIENTE","Estado agregado; resolver evidencia de atributos, relaciones y métodos.","HAC-40 / Cristhian","class-matrix.json fila undefined","Resolver sus filas hijas y probar la semántica exacta de los métodos.","29c385fe0ee501eb4b8b989b0a247c8fdeda62ad"
"clase","RouteLeg","PARCIAL","EVIDENCIA_PENDIENTE","Estado agregado; resolver evidencia de atributos, relaciones y métodos.","HAC-40 / Cristhian","class-matrix.json fila undefined","Resolver sus filas hijas y probar la semántica exacta de los métodos.","29c385fe0ee501eb4b8b989b0a247c8fdeda62ad"
"clase","RouteCondition","PARCIAL","EVIDENCIA_PENDIENTE","Estado agregado; resolver evidencia de atributos, relaciones y métodos.","HAC-40 / Cristhian","class-matrix.json fila undefined","Resolver sus filas hijas y probar la semántica exacta de los métodos.","29c385fe0ee501eb4b8b989b0a247c8fdeda62ad"
"clase","RouteWaypoint","PARCIAL","EVIDENCIA_PENDIENTE","Estado agregado; resolver evidencia de atributos, relaciones y métodos.","HAC-40 / Cristhian","class-matrix.json fila undefined","Resolver sus filas hijas y probar la semántica exacta de los métodos.","29c385fe0ee501eb4b8b989b0a247c8fdeda62ad"
"clase","RoutePlanningPolicy","PARCIAL","EVIDENCIA_PENDIENTE","Estado agregado; resolver evidencia de atributos, relaciones y métodos.","HAC-40 / Cristhian","class-matrix.json fila undefined","Resolver sus filas hijas y probar la semántica exacta de los métodos.","29c385fe0ee501eb4b8b989b0a247c8fdeda62ad"
"clase","TransportPlanCandidate","PARCIAL","EVIDENCIA_PENDIENTE","Estado agregado; resolver evidencia de atributos, relaciones y métodos.","HAC-40 / Cristhian","class-matrix.json fila undefined","Resolver sus filas hijas y probar la semántica exacta de los métodos.","29c385fe0ee501eb4b8b989b0a247c8fdeda62ad"
"clase","PlanResource","PARCIAL","EVIDENCIA_PENDIENTE","Estado agregado; resolver evidencia de atributos, relaciones y métodos.","HAC-40 / Cristhian","class-matrix.json fila undefined","Resolver sus filas hijas y probar la semántica exacta de los métodos.","29c385fe0ee501eb4b8b989b0a247c8fdeda62ad"
"clase","CarrierOpportunity","PARCIAL","EVIDENCIA_PENDIENTE","Estado agregado; resolver evidencia de atributos, relaciones y métodos.","HAC-40 / Cristhian","class-matrix.json fila undefined","Resolver sus filas hijas y probar la semántica exacta de los métodos.","29c385fe0ee501eb4b8b989b0a247c8fdeda62ad"
"clase","CarrierOffer","PARCIAL","EVIDENCIA_PENDIENTE","Estado agregado; resolver evidencia de atributos, relaciones y métodos.","HAC-40 / Cristhian","class-matrix.json fila undefined","Resolver sus filas hijas y probar la semántica exacta de los métodos.","29c385fe0ee501eb4b8b989b0a247c8fdeda62ad"
"clase","RankedOption","PARCIAL","EVIDENCIA_PENDIENTE","Estado agregado; resolver evidencia de atributos, relaciones y métodos.","HAC-40 / Cristhian","class-matrix.json fila undefined","Resolver sus filas hijas y probar la semántica exacta de los métodos.","29c385fe0ee501eb4b8b989b0a247c8fdeda62ad"
"clase","ScoringPolicy","PARCIAL","EVIDENCIA_PENDIENTE","Estado agregado; resolver evidencia de atributos, relaciones y métodos.","HAC-40 / Cristhian","class-matrix.json fila undefined","Resolver sus filas hijas y probar la semántica exacta de los métodos.","29c385fe0ee501eb4b8b989b0a247c8fdeda62ad"
"clase","Booking","PARCIAL","EVIDENCIA_PENDIENTE","Estado agregado; resolver evidencia de atributos, relaciones y métodos.","HAC-40 / Cristhian","class-matrix.json fila undefined","Resolver sus filas hijas y probar la semántica exacta de los métodos.","29c385fe0ee501eb4b8b989b0a247c8fdeda62ad"
"clase","TransportExecution","PARCIAL","EVIDENCIA_PENDIENTE","Estado agregado; resolver evidencia de atributos, relaciones y métodos.","HAC-40 / Cristhian","class-matrix.json fila undefined","Resolver sus filas hijas y probar la semántica exacta de los métodos.","29c385fe0ee501eb4b8b989b0a247c8fdeda62ad"
"clase","OperationalIncident","PARCIAL","EVIDENCIA_PENDIENTE","Estado agregado; resolver evidencia de atributos, relaciones y métodos.","HAC-40 / Cristhian","class-matrix.json fila undefined","Resolver sus filas hijas y probar la semántica exacta de los métodos.","29c385fe0ee501eb4b8b989b0a247c8fdeda62ad"
"clase","IncidentUpdate","PARCIAL","EVIDENCIA_PENDIENTE","Estado agregado; resolver evidencia de atributos, relaciones y métodos.","HAC-40 / Cristhian","class-matrix.json fila undefined","Resolver sus filas hijas y probar la semántica exacta de los métodos.","29c385fe0ee501eb4b8b989b0a247c8fdeda62ad"
"clase","LogisticsNode","PARCIAL","EVIDENCIA_PENDIENTE","Estado agregado; resolver evidencia de atributos, relaciones y métodos.","HAC-40 / Cristhian","class-matrix.json fila undefined","Resolver sus filas hijas y probar la semántica exacta de los métodos.","29c385fe0ee501eb4b8b989b0a247c8fdeda62ad"
"clase","RouteCorridor","PARCIAL","EVIDENCIA_PENDIENTE","Estado agregado; resolver evidencia de atributos, relaciones y métodos.","HAC-40 / Cristhian","class-matrix.json fila undefined","Resolver sus filas hijas y probar la semántica exacta de los métodos.","29c385fe0ee501eb4b8b989b0a247c8fdeda62ad"
"clase","CargoProfile","PARCIAL","EVIDENCIA_PENDIENTE","Estado agregado; resolver evidencia de atributos, relaciones y métodos.","HAC-40 / Cristhian","class-matrix.json fila undefined","Resolver sus filas hijas y probar la semántica exacta de los métodos.","29c385fe0ee501eb4b8b989b0a247c8fdeda62ad"
"clase","CargoCategory","PARCIAL","EVIDENCIA_PENDIENTE","Estado agregado; resolver evidencia de atributos, relaciones y métodos.","HAC-40 / Cristhian","class-matrix.json fila undefined","Resolver sus filas hijas y probar la semántica exacta de los métodos.","29c385fe0ee501eb4b8b989b0a247c8fdeda62ad"
"clase","LoadAllocation","PARCIAL","EVIDENCIA_PENDIENTE","Estado agregado; resolver evidencia de atributos, relaciones y métodos.","HAC-40 / Cristhian","class-matrix.json fila undefined","Resolver sus filas hijas y probar la semántica exacta de los métodos.","29c385fe0ee501eb4b8b989b0a247c8fdeda62ad"
"clase","OrganizationMember","PARCIAL","EVIDENCIA_PENDIENTE","Estado agregado; resolver evidencia de atributos, relaciones y métodos.","HAC-40 / Cristhian","class-matrix.json fila undefined","Resolver sus filas hijas y probar la semántica exacta de los métodos.","29c385fe0ee501eb4b8b989b0a247c8fdeda62ad"
"clase","McpAccountLink","DIVERGENTE","DOCUMENTACION_DESACTUALIZADA","UML verificado vs lectura de historia legacy nullable; acceso MCP exige verificación actual.","HAC-41 / Axel","class-matrix.json fila undefined","Resolver sus filas hijas y probar la semántica exacta de los métodos.","29c385fe0ee501eb4b8b989b0a247c8fdeda62ad"
"clase","RepositioningBlock","PARCIAL","EVIDENCIA_PENDIENTE","Estado agregado; resolver evidencia de atributos, relaciones y métodos.","HAC-40 / Cristhian","class-matrix.json fila undefined","Resolver sus filas hijas y probar la semántica exacta de los métodos.","29c385fe0ee501eb4b8b989b0a247c8fdeda62ad"
"clase","OrganizationPreferences","PARCIAL","EVIDENCIA_PENDIENTE","Estado agregado; resolver evidencia de atributos, relaciones y métodos.","HAC-40 / Cristhian","class-matrix.json fila undefined","Resolver sus filas hijas y probar la semántica exacta de los métodos.","29c385fe0ee501eb4b8b989b0a247c8fdeda62ad"
"clase","CarrierMetric","PARCIAL","EVIDENCIA_PENDIENTE","Estado agregado; resolver evidencia de atributos, relaciones y métodos.","HAC-40 / Cristhian","class-matrix.json fila undefined","Resolver sus filas hijas y probar la semántica exacta de los métodos.","29c385fe0ee501eb4b8b989b0a247c8fdeda62ad"
"clase","VehicleCombination","PARCIAL","EVIDENCIA_PENDIENTE","Estado agregado; resolver evidencia de atributos, relaciones y métodos.","HAC-40 / Cristhian","class-matrix.json fila undefined","Resolver sus filas hijas y probar la semántica exacta de los métodos.","29c385fe0ee501eb4b8b989b0a247c8fdeda62ad"
"clase","ServiceArea","PARCIAL","EVIDENCIA_PENDIENTE","Estado agregado; resolver evidencia de atributos, relaciones y métodos.","HAC-40 / Cristhian","class-matrix.json fila undefined","Resolver sus filas hijas y probar la semántica exacta de los métodos.","29c385fe0ee501eb4b8b989b0a247c8fdeda62ad"
"clase","FulfilmentPartner","PARCIAL","EVIDENCIA_PENDIENTE","Estado agregado; resolver evidencia de atributos, relaciones y métodos.","HAC-40 / Cristhian","class-matrix.json fila undefined","Resolver sus filas hijas y probar la semántica exacta de los métodos.","29c385fe0ee501eb4b8b989b0a247c8fdeda62ad"
"clase","PlanLegAssignment","PARCIAL","EVIDENCIA_PENDIENTE","Estado agregado; resolver evidencia de atributos, relaciones y métodos.","HAC-40 / Cristhian","class-matrix.json fila undefined","Resolver sus filas hijas y probar la semántica exacta de los métodos.","29c385fe0ee501eb4b8b989b0a247c8fdeda62ad"
"clase","OfferCostComponent","PARCIAL","EVIDENCIA_PENDIENTE","Estado agregado; resolver evidencia de atributos, relaciones y métodos.","HAC-40 / Cristhian","class-matrix.json fila undefined","Resolver sus filas hijas y probar la semántica exacta de los métodos.","29c385fe0ee501eb4b8b989b0a247c8fdeda62ad"
"clase","ShipmentContact","PARCIAL","EVIDENCIA_PENDIENTE","Estado agregado; resolver evidencia de atributos, relaciones y métodos.","HAC-40 / Cristhian","class-matrix.json fila undefined","Resolver sus filas hijas y probar la semántica exacta de los métodos.","29c385fe0ee501eb4b8b989b0a247c8fdeda62ad"
"clase","CarrierOperator","PARCIAL","EVIDENCIA_PENDIENTE","Estado agregado; resolver evidencia de atributos, relaciones y métodos.","HAC-40 / Cristhian","class-matrix.json fila undefined","Resolver sus filas hijas y probar la semántica exacta de los métodos.","29c385fe0ee501eb4b8b989b0a247c8fdeda62ad"
"clase","AssetCargoCapability","PARCIAL","EVIDENCIA_PENDIENTE","Estado agregado; resolver evidencia de atributos, relaciones y métodos.","HAC-40 / Cristhian","class-matrix.json fila undefined","Resolver sus filas hijas y probar la semántica exacta de los métodos.","29c385fe0ee501eb4b8b989b0a247c8fdeda62ad"
"clase","RouteSimulationScenario","PARCIAL","EVIDENCIA_PENDIENTE","Estado agregado; resolver evidencia de atributos, relaciones y métodos.","HAC-40 / Cristhian","class-matrix.json fila undefined","Resolver sus filas hijas y probar la semántica exacta de los métodos.","29c385fe0ee501eb4b8b989b0a247c8fdeda62ad"
"clase","RoutePlanner","PARCIAL","EVIDENCIA_PENDIENTE","Estado agregado; resolver evidencia de atributos, relaciones y métodos.","HAC-40 / Cristhian","class-matrix.json fila undefined","Resolver sus filas hijas y probar la semántica exacta de los métodos.","29c385fe0ee501eb4b8b989b0a247c8fdeda62ad"
"clase","SelectionDecision","PARCIAL","EVIDENCIA_PENDIENTE","Estado agregado; resolver evidencia de atributos, relaciones y métodos.","HAC-40 / Cristhian","class-matrix.json fila undefined","Resolver sus filas hijas y probar la semántica exacta de los métodos.","29c385fe0ee501eb4b8b989b0a247c8fdeda62ad"
